CONTADOR,Competência,Programa,Ação,Subação/Entrega (SA),(SA) Início,(SA) Término,(SA) Produto,(SA) Unid. Medida,(SA) Quantidade,(SA) Responsável,Etapa (ET),(ET) Início,(ET) Término,(ET) Responsável,(MC) Descrição do Item de Despesa,(MC) Unid. Medida,(MC) Quantidade,(MC) Valor Unitário,(MC) Valor Total,(MC) Grupo ,(MC) Natureza,(MC) Fonte,(MC) IDU,CONTRATO,"Plano Estratégico (A)
digite entre 0-5
0 = menor
5 = maior","Gravidade (B)
digite entre 1-5
1 = menor
5 = maior","Urgência (C)
digite entre 1-5
1 = menor
5 = maior","Tendência (d)
digite entre 1-5
1 = menor
5 = maior",Prioridade acumulada (A*B*C*D)
2004,-,36,2004-Manutenção de Gabinetes,1_Pagamento com despesas com diárias,02/01/2026,31/12/2026,Pagamento realizado,Percentual,100,Thaynara Martins de Souza,1.1_Programar despesas com diarias,02/01/2026,31/12/2026,Thaynara Martins de Souza,Pagamento de Diárias Fora do Estado,Mês,12,"R$ 20.000,00","R$ 240.000,00",Grupo_3,3.3.90.14.002,1.500.0000,OD,Não,3,3,3,3,81
,,,,,,,,,,,,,,,,,,,,,,,,,,,,,
2005,-,36,2005-Manutenção e conservação de bens imóveis,1_Administração Geral dos bens imóveis,02/01/2026,31/12/2026,Bem imóvel administrado,Percentual,100,Olívia Campos Arruda,1.1_Realizar e manter Serviços de reformas predial,02/01/2026,31/12/2026,Marcela Maria,Manutenção Predial ,Ano,01,"R$ 500.000,00","R$ 500.000,00",Grupo_3,3.3.90.39.069,1.501.0000,OD,Novo a contratar 2026,5,5,5,4,500
,,,,,,,,,,,,,,,,,,,,,,,,,,,,,
2006,-,36,2006-Manutenção de serviços de transportes,1_Manutenção da Frota de Veículos da MTI,02/01/2026,31/12/2026,Veículo disponibilizado,Percentual,100,Olívia Campos Arruda,1.1_Adquirir combustível e lubrificantes automotivos,02/01/2026,31/12/2026,Marcela Maria ,Aquisição de combustíveis e lubrificantes automotivos,Mês,12,"R$ 10.000,00","R$ 120.000,00",Grupo_3,3.3.90.30.004,1.501.0000,CD,Existente / Aditivo,4,3,3,4,144
2006,-,36,2006-Manutenção de serviços de transportes,,,,,,,,1.2_Alugar Veículo,02/01/2026,31/12/2026,Marcela Maria ,Despesa com Aluguel de veículos,Mês,12,"R$ 25.000,00","R$ 300.000,00",Grupo_3,3.3.90.39.037,1.501.0000,CD,Existente / Aditivo,3,3,3,3,81
,,,,,,,,,,,,,,,,,,,,,,,,,,,,,
2007,-,36,2007-Manutenção de serviços administrativos gerais,1_Manutenção de serviços administrativos gerais,02/01/2026,31/12/2026,Manutenção realizada,Percentual,100,Olívia Campos Arruda,1.1_Manter serviços administrativos gerais,02/01/2026,31/12/2026,Marcela Maria ,Adiantamento de Consumo / Interveção Predial ,Unidade,10,"R$ 2.000,00","R$ 20.000,00",Grupo_3,3.3.90.30.013,1.501.0000,OD,Não,2,2,2,2,16
2007,-,36,2007-Manutenção de serviços administrativos gerais,,,,,,,,,,,,Adiantamento de Serviço/ Interveção Predial ,Unidade,10,"R$ 2.000,00","R$ 20.000,00",Grupo_3,3.3.90.30.013,1.501.0000,OD,Não,2,2,2,2,16
2007,-,36,2007-Manutenção de serviços administrativos gerais,,,,,,,,,,,,Material de Consumo,Mês,12,"R$ 5.000,00","R$ 60.000,00",Grupo_3,3.3.90.30.013,1.501.0000,OD,Não,4,3,4,5,240
2007,-,36,2007-Manutenção de serviços administrativos gerais,,,,,,,,,,,,Serviço Diversos de Manutenção Geral da Empresa (poço entre outros),Mês,12,"R$ 5.000,00","R$ 60.000,00",Grupo_3,3.3.90.39.071,1.501.0000,OD,Novo a contratar 2026,4,4,4,4,256
2007,-,36,2007-Manutenção de serviços administrativos gerais,,,,,,,,,,,,Manutenção de Elevador sede data center,Mês,12,"R$ 2.000,00","R$ 24.000,00",Grupo_3,3.3.90.39.071,1.501.0000,CD,Existente / Aditivo,2,2,2,2,16
2007,-,36,2007-Manutenção de serviços administrativos gerais,,,,,,,,,,,,Assistência técnica de elevadores da nova sede,Mês,12,"R$ 2.500,00","R$ 30.000,00",Grupo_3,3.3.90.39.071,1.501.0000,OD,Novo a contratar 2026,2,2,2,2,16
2007,-,36,2007-Manutenção de serviços administrativos gerais,,,,,,,,,,,,Telefonia fixa,Mês,12,"R$ 500,00","R$ 6.000,00",Grupo_3,3.3.90.39.073,1.501.0000,CD,Existente / Aditivo,4,4,3,5,240
2007,-,36,2007-Manutenção de serviços administrativos gerais,,,,,,,,,,,,Telefonia móvel,Mês,12,"R$ 5.000,00","R$ 60.000,00",Grupo_3,3.3.90.39.074,1.501.0000,CD,Existente / Aditivo,4,4,3,4,192
2007,-,36,2007-Manutenção de serviços administrativos gerais,,,,,,,,,,,,Telefonia móvel,Mês,12,"R$ 7.000,00","R$ 84.000,00",Grupo_3,3.3.90.39.074,1.501.0000,OD,Novo a contratar 2026,4,4,3,4,192
2007,-,36,2007-Manutenção de serviços administrativos gerais,,,,,,,,,,,,Energia eletrica,Ano,01,"R$ 2.400.000,00","R$ 2.400.000,00",Grupo_3,3.3.90.39.059,1.501.0000,CD,Existente / Aditivo,5,5,5,5,625
2007,-,36,2007-Manutenção de serviços administrativos gerais,,,,,,,,,,,,Energia eletrica,Ano,01,"R$ 2.000.000,00","R$ 2.000.000,00",Grupo_3,3.3.90.39.059,1.500.0000,CD,Existente / Aditivo,5,5,5,5,625
2007,-,36,2007-Manutenção de serviços administrativos gerais,,,,,,,,,,,,Manuntreção de Ar condicionado sede data center,Mês,06,"R$ 3.000,00","R$ 18.000,00",Grupo_3,3.3.90.39.071,1.501.0000,CD,Existente / Aditivo,4,4,4,4,256
2007,-,36,2007-Manutenção de serviços administrativos gerais,,,,,,,,,,,,Manunteção de Ar condicionado da nova sede,Mês,12,"R$ 7.500,00","R$ 90.000,00",Grupo_3,3.3.90.39.071,1.501.0000,OD,Novo a contratar 2026,4,4,4,4,256
2007,-,36,2007-Manutenção de serviços administrativos gerais,,,,,,,,,,,,Água Potável - Concessária Águas Cuiabá ,Mês,12,"R$ 10.000,00","R$ 120.000,00",Grupo_3,3.3.90.39.029,1.501.0000,OD,Novo a contratar 2026,4,4,4,4,256
2007,-,36,2007-Manutenção de serviços administrativos gerais,,,,,,,,,,,,Contratação de empresa para fornecimento de serviço de Vigilancia Desarmada - Nova Sede,Mês,12,"R$ 30.000,00","R$ 360.000,00",Grupo_3,3.3.90.39.016,1.501.0000,OD,Novo a contratar 2026,4,4,4,4,256
2007,-,36,2007-Manutenção de serviços administrativos gerais,,,,,,,,,,,,Contratação de empresa para fornecimento de serviço de Recepcinista - Nova Sede,Mês,12,"R$ 25.000,00","R$ 300.000,00",Grupo_3,3.3.90.39.016,1.501.0000,OD,Novo a contratar 2026,4,4,4,4,256
2007,-,36,2007-Manutenção de serviços administrativos gerais,,,,,,,,,,,,Contratação de empresa para fornecimento de serviço de Porteiro - Nova Sede,Mês,12,"R$ 10.000,00","R$ 120.000,00",Grupo_3,3.3.90.39.016,1.501.0000,OD,Novo a contratar 2026,4,4,4,4,256
2007,-,36,2007-Manutenção de serviços administrativos gerais,,,,,,,,,,,,Contratação de empresa para fornecimento de serviço de Copeiragem / Motorista - Nova Sede,Mês,12,"R$ 15.000,00","R$ 180.000,00",Grupo_3,3.3.90.39.016,1.501.0000,OD,Novo a contratar 2026,4,4,4,4,256
2007,-,36,2007-Manutenção de serviços administrativos gerais,,,,,,,,,,,,Contratação de empresa para fornecimento de serviço de Limpeza Fachada - Nova Sede,Unidade,02,"R$ 10.000,00","R$ 20.000,00",Grupo_3,3.3.90.39.016,1.501.0000,OD,Novo a contratar 2026,4,4,4,4,256
2007,-,36,2007-Manutenção de serviços administrativos gerais,,,,,,,,,,,,Contratação de empresa para fornecimento de serviço de Dedetização - Nova Sede,Unidade,01,"R$ 10.000,00","R$ 10.000,00",Grupo_3,3.3.90.39.016,1.501.0000,OD,Novo a contratar 2026,4,4,4,4,256
2007,-,36,2007-Manutenção de serviços administrativos gerais,,,,,,,,,,,,Contratação de empresa para fornecimento de serviço de Limpeza / Jardinagem - Nova Sede,Mês,12,"R$ 50.000,00","R$ 600.000,00",Grupo_3,3.3.90.39.016,1.501.0000,OD,Novo a contratar 2026,4,4,4,4,256
2007,-,36,2007-Manutenção de serviços administrativos gerais,,,,,,,,,,,,FUNAC ,Mês,12,"R$ 5.000,00","R$ 60.000,00",Grupo_3,3.3.90.39.069,1.501.0000,CD,Existente / Aditivo,4,3,4,5,240
2007,-,36,2007-Manutenção de serviços administrativos gerais,,,,,,,,1.2_Manter serviços de gestão de pessoas,02/01/2026,31/12/2026,Silvia Márcia Fernandes,Contratar Empresa para Prestação de Serviços  -   Auxiliar Administrativo - LUA Serviços Eireli - ME,Mês,12,"R$ 128.000,00","R$ 1.536.000,00",Grupo_3,3.3.90.39.016,1.501.0000,CD,Existente / Aditivo,1,3,3,3,27
2007,-,36,2007-Manutenção de serviços administrativos gerais,,,,,,,,,,,,Contratar Empresa para Prestação de Serviços  -   Oficial Administrativo - Perfil nivel superior e pós-graduação,Ano,01,"R$ 2.496.000,00","R$ 2.496.000,00",Grupo_3,3.3.90.39.016,1.501.0000,OD,Novo a contratar 2026,5,5,5,5,625
2007,-,36,2007-Manutenção de serviços administrativos gerais,,,,,,,,,,,,Contratar Empresa para Prestação de Serviços  -   Oficial Administrativo - Perfil nivel superior e pós-graduação,Ano,01,"R$ 1.000.000,00","R$ 1.000.000,00",Grupo_3,3.3.90.39.016,1.500.0000,OD,Novo a contratar 2026,5,5,5,5,625
2007,-,36,2007-Manutenção de serviços administrativos gerais,,,,,,,,1.3_Manter assinatura de banco de preços,02/01/2026,31/12/2026,Alci Junior,Assinatura Banco de Preços,Unidade,04,"R$ 8.700,00","R$ 34.800,00",Grupo_3,3.3.90.39.003,1.501.0000,CD,Existente / Aditivo,5,3,4,5,300
2007,-,36,2007-Manutenção de serviços administrativos gerais,,,,,,,,1.4_Adquirir seguro de responsabilidade,02/01/2026,31/12/2026,Alcindo Silva,Contratação de seguro de responsabilidade civil para os gestores da MTI ,Ano,01,"R$ 70.330,00","R$ 70.330,00",Grupo_3,3.3.90.27.003,1.501.0000,OD,Novo a contratar 2026,3,3,4,5,180
2007,-,36,2007-Manutenção de serviços administrativos gerais,,,,,,,,,,,,Contratação de seguro de responsabilidade civil para os gestores da MTI ,Ano,01,"R$ 429.670,00","R$ 429.670,00",Grupo_3,3.3.90.27.003,1.759.0000,OD,Novo a contratar 2026,3,3,4,5,180
2007,-,36,2007-Manutenção de serviços administrativos gerais,,,,,,,,,,,,Contratação de seguro de responsabilidade civil para os gestores da MTI ,Ano,01,"R$ 500.000,00","R$ 500.000,00",Grupo_3,3.3.90.27.003,1.500.0000,OD,Novo a contratar 2026,3,3,4,5,180
2007,-,36,2007-Manutenção de serviços administrativos gerais,,,,,,,,1.5_Fazer Gestão de contrato de estágio,02/01/2026,31/12/2026,Silvia Márcia Fernandes,Contratação Empresa de Gestão de Estagiários Graduação,Mês,12,"R$ 190,00","R$ 2.280,00",Grupo_3,3.3.90.37.004,1.501.0000,CD,Existente / Aditivo,1,3,3,3,27
2007,-,36,2007-Manutenção de serviços administrativos gerais,,,,,,,,,,,,Contratação Empresa de Gestão de Estagiários Pós-Graduação,Mês,12,"R$ 270,00","R$ 3.240,00",Grupo_3,3.3.90.37.004,1.501.0000,CD,Existente / Aditivo,1,3,3,3,27
2007,-,36,2007-Manutenção de serviços administrativos gerais,,,,,,,,1.6_Fazer Gestão de contrato de crachá,02/01/2026,31/12/2026,Rogerio Silva ,Contratar empresa para confecção e impressão de Crachas funcionais,Mês,420,"R$ 40,00","R$ 16.800,00",Grupo_3,3.3.90.30.028,1.501.0000,OD,Novo a contratar 2026,1,3,3,3,27
2007,-,36,2007-Manutenção de serviços administrativos gerais,,,,,,,,1.7_Programar despesas com passagens,02/01/2026,31/12/2026,Thaynara Martins de Souza,DESPESAS COM PASSAGENS,Mês,12,"R$ 13.500,00","R$ 162.000,00",Grupo_3,3.3.90.33.001,1.501.0000,CD,Existente / Aditivo,3,3,1,3,27
2007,-,36,2007-Manutenção de serviços administrativos gerais,,,,,,,,1.8_Promover eventos na MTI,02/01/2026,31/12/2026,Francisley Campos Carolino,"Palestrantes, divulgações, fornecedores, contratação de terceiros para eventos, decorações e compras.",Unidade,01,"R$ 50.000,00","R$ 50.000,00",Grupo_3,3.3.90.39.022,1.501.0000,OD,Novo a contratar 2026,3,3,3,3,81
2007,-,36,2007-Manutenção de serviços administrativos gerais,2_Implantação da Política de Gestão de Pessoas,02/01/2026,31/12/2026,Programa executado,Percentual,100,Silvia Fernandes Batista,2.1_Promover Programa de Desenvolvimento da Gestão por Desempenho,02/01/2026,31/12/2026,Silvia Márcia Fernandes,Contratação de empresa ou Pessoa fisica para implementação do Programa PDGD (cedidos) + DFT + AD + OKRs ,Mês,12,"R$ 4.200,00","R$ 50.400,00",Grupo_3,3.3.90.39.051,1.501.0000,OD,Novo a contratar 2026,5,3,3,5,225
2007,-,36,2007-Manutenção de serviços administrativos gerais,,,,,,,,2.2_Implantar e Operacionalizar do Plano de Capacitação,02/01/2026,31/12/2026,Silvia Márcia Fernandes,Executar o Plano de Capacitação 2026 - Capacitações (contempla todo o plano de capacitação),Mês,12,"R$ 11.000,00","R$ 132.000,00",Grupo_3,3.3.90.39.051,1.501.0000,OD,Novo a contratar 2026,5,3,3,5,225
2007,-,36,2007-Manutenção de serviços administrativos gerais,,,,,,,,,,,," Contratação da empresa Ene Produções e Treinamentos LTDA para oferta do Projeto Vida 360º - Propósito, Saúde e Felicidade. ",Mês,12,"R$ 3.400,00","R$ 40.800,00",Grupo_3,3.3.90.39.051,1.501.0000,CD,Existente / Aditivo,5,3,3,5,225
2007,-,36,2007-Manutenção de serviços administrativos gerais,,,,,,,,,,,,"Contratação de empresa especializada na criação, inovação e suporte de tecnologias
educacionais com foco no digital, para execução dos cursos previstos no plano de capacitação da
MTI.",Unidade,215,"R$ 1.830,00","R$ 393.450,00",Grupo_3,3.3.90.39.051,1.501.0000,CD,Existente / Aditivo,5,3,3,5,225
2007,-,36,2007-Manutenção de serviços administrativos gerais,,,,,,,,2.3_Disseminar o plano de capacitação,02/01/2026,31/12/2026,Silvia Márcia Fernandes,sem custo,,,,,,,,,,,,,,0
2007,-,36,2007-Manutenção de serviços administrativos gerais,,,,,,,,2.4_Monitorar o plano de capacitação,02/01/2026,31/12/2026,Silvia Márcia Fernandes,sem custo,,,,,,,,,,,,,,0
2007,-,36,2007-Manutenção de serviços administrativos gerais,,,,,,,,2.5_Avaliar o plano de capacitação,02/01/2026,31/12/2026,Silvia Márcia Fernandes,sem custo,,,,,,,,,,,,,,0
2007,-,36,2007-Manutenção de serviços administrativos gerais,,,,,,,,2.6_Contratar serviços de terceiro para eventos na MTI,02/01/2026,31/12/2026,Gabriela Boscov Monteiro Vieira,"Palestrantes, divulgações, fornecedores, contratação de terceiros para eventos, decorações e compra de brindes.",Unidade,01,"R$ 50.000,00","R$ 50.000,00",Grupo_3,3.3.90.39.022,1.501.0000,OD,Novo a contratar 2026,5,5,5,5,625
2007,-,36,2007-Manutenção de serviços administrativos gerais,,,,,,,,2.7_Contribuir na filiação da ABEP,02/01/2026,31/12/2026,Thaynara Martins Sousa Metelo,Contribuição de afiliação ABEP 2026,Anual,01,"R$ 20.000,00","R$ 20.000,00",Grupo_3,3.3.90.39.003,1.501.0000,OD,Não,3,3,3,3,81
,,,,,,,,,,,,,,,,,,,,,,,,,,,,,
2008,-,36,2008-Remuneração de pessoal ativo do estado e encargos sociais,1_Pagamento do pessoal,02/01/2026,31/12/2026,Pagamento realizado,Unidade,01,Silvia Fernandes Batista,1.1_Efetuar pagamento de pessoal,02/01/2026,31/12/2026,Rogerio William Rodrigues Silva,"Pagamento de pessoal ativo,
Funcionários regidos pela CLT",Ano,01,"R$ 91.747.671,00","R$ 91.747.671,00",Grupo_1,3.1.90.11.001,1.500.0000,DO,Não,5,5,5,5,625
2008,-,36,2008-Remuneração de pessoal ativo do estado e encargos sociais,,,,,,,,,,,,Pagamento de Encargos sociais de folha de pagamento,Ano,01,"R$ 23.435.150,00","R$ 23.435.150,00",Grupo_1,3.1.90.13.002,1.500.0000,DO,Não,5,5,5,5,625
2008,-,36,2008-Remuneração de pessoal ativo do estado e encargos sociais,,,,,,,,,,,,Pagamento de ex-funcionários - PDV,Ano,01,"R$ 13.853,00","R$ 13.853,00",Grupo_1,3.1.90.94.076,1.501.0000,DO,Não,5,5,5,5,625
2008,-,36,2008-Remuneração de pessoal ativo do estado e encargos sociais,,,,,,,,,,,,Pagamento de ex-funcionários - PDV,Ano,01,"R$ 4.147,00","R$ 4.147,00",Grupo_1,3.1.90.94.076,1.500.0000,DO,Não,5,5,5,5,625
2008,-,36,2008-Remuneração de pessoal ativo do estado e encargos sociais,,,,,,,,,,,,"Pagamento de pessoal ativo,
Funcionários temporário ",Ano,01,"R$ 9.919.207,00","R$ 9.919.207,00",Grupo_1,3.1.90.04.001,1.500.0000,DO,Não,5,5,5,5,625
2008,-,36,2008-Remuneração de pessoal ativo do estado e encargos sociais,,,,,,,,,,,,Pagamento de Encargos sociais de folha de pagamento dos temporários,Ano,01,"R$ 2.608.752,00","R$ 2.608.752,00",Grupo_1,3.1.90.04.001,1.500.0000,DO,Não,5,5,5,5,625
2008,-,36,2008-Remuneração de pessoal ativo do estado e encargos sociais,,,,,,,,,,,,Bolsa Estagio + Auxilio Transporte,Ano,01,"R$ 1.108.322,00","R$ 1.108.322,00",Grupo_1,3.1.90.04.001,1.500.0000,DO,Não,5,5,5,5,625
2008,-,36,2008-Remuneração de pessoal ativo do estado e encargos sociais,,,,,,,,,,,,Bolsa Residente Tècnico  + Auxilio Transporte,Ano,01,"R$ 435.865,00","R$ 435.865,00",Grupo_1,3.1.90.04.001,1.500.0000,DO,Não,5,5,5,5,625
,,,,,,,,,,,,,,,,,,,,,,,,,,,,,
2009,-,36,2009-Manutenção de Informática,"1_Planejamento, monitoramento e avaliação da TI",02/01/2026,31/12/2026,Processos Mapeados,Percentual,100,Fernando César Pereira Bonfim,1.1_Mapear os processos finalísticos / suporte serviços,02/01/2026,31/12/2026,Fernando César Pereira Bonfim,Ferramenta de colaboração corporativa (Google Workspace),Ano,01,"R$ 500.000,00","R$ 500.000,00",Grupo_3,3.3.90.40.008,1.759.0000,CD,Existente / Aditivo,5,5,5,4,500
2009,-,36,2009-Manutenção de Informática,2_Manutenção de softwares aplicativos,02/01/2026,31/12/2026,Software disponibilizado,Percentual,100,Fernando César Pereira Bonfim,2.1_Aperfeiçoar o sistema Protheus,02/01/2026,31/12/2026,Alcindo Silva,"Fornecimento de licenças deuso dos sistemas Protheus/TOTVS, GoodData, Fluig e Meu RH",Mês,12,"R$ 72.324,00","R$ 867.888,00",Grupo_3,3.3.90.39.016,1.759.0000,CD,Existente / Aditivo,5,3,4,3,180
2009,-,36,2009-Manutenção de Informática,,,,,,,,,,,,"Horas de consultoria tecnica de analistas para sustentação, operacionalização, suporte tecnico e  implementação de customizações diversas no sistema Protheus.",Unidade,416,"R$ 100,00","R$ 41.600,00",Grupo_3,3.3.90.39.016,1.759.0000,OD,Novo a contratar 2026,5,3,4,3,180
2009,-,36,2009-Manutenção de Informática,,,,,,,,,,,,"Fornecimento de solução de custeio Sollus FPA incluindo manutenção, suporte técnico e prestação de serviços de consultoria para definição metodológica, capacitação e implantação do sistema.",Mês,12,"R$ 2.500,00","R$ 30.000,00",Grupo_3,3.3.90.39.016,1.759.0000,OD,Novo a contratar 2026,5,5,5,5,625
2009,-,36,2009-Manutenção de Informática,,,,,,,,2.2_Adquirir software de gerenciamento,02/01/2026,31/12/2026,Paulo Macedo,"Implantação na evolução do CRM  servicenow,  sustentação, Customização das soluções de apoio ao comercialização , faturamento, e atendimento ao cliente pós venda ",Anual,01,"R$ 5.000,00","R$ 5.000,00",Grupo_3,3.3.90.40.001,1.759.0000,OD,Novo a contratar 2026,5,3,5,5,375
2009,-,36,2009-Manutenção de Informática,,,,,,,,,,,,"Implantação na evolução do CRM  servicenow,  sustentação, Customização das soluções de apoio ao comercialização , faturamento, e atendimento ao cliente pós venda ",Anual,01,"R$ 495.000,00","R$ 495.000,00",Grupo_3,3.3.90.40.001,1.500.0000,OD,Novo a contratar 2026,5,3,5,5,375
2009,-,36,2009-Manutenção de Informática,,,,,,,,,,,,Software para gestão de ponto (Versão atualizada) (APP Meu RH),Unidade,01,"R$ 5.000,00","R$ 5.000,00",Grupo_3,3.3.90.40.001,1.759.0000,OD,Novo a contratar 2026,5,5,5,5,625
2009,-,36,2009-Manutenção de Informática,,,,,,,,2.4_Adquirir software de gestão de pessoas e desempenho,02/01/2026,31/12/2026,Silvia Márcia,ELOFY  - Sistema de Tecnologia da Informação Ltda - Fornecimento de software de Gestão de Pessoas,Mês,12,"R$ 4.259,00","R$ 51.108,00",Grupo_3,3.3.90.30.045,1.759.0000,CD,Existente / Aditivo,1,3,3,3,27
2009,-,36,2009-Manutenção de Informática,,,,,,,,2.5_Controlar patrimônio por RFID,02/01/2026,31/12/2026,Olívia Campos,"Aquisição de Leitores/Coletores de Dados RFID, Tags/Etiquetas para superfícies metálicas/não metálicas dos bens com tombamento patrimonial, para facilitar o Inventário Anual ",Unidade,01,"R$ 10.000,00","R$ 10.000,00",Grupo_4,4.4.90.52.014,1.501.0000,OD,Novo a contratar 2026,3,3,3,3,81
2009,-,36,2009-Manutenção de Informática,,,,,,,,2.6_Promover evolução e melhorias da plataforma de gestão de engajamento MTI GEN,02/01/2026,31/12/2026,Ailton Silva Machado,Contratação de fábrica de sofwtare para desenvolvimento e sustentação sistema de gamificação,Unidade,01,"R$ 5.000,00","R$ 5.000,00",Grupo_3,3.3.90.40.001,1.759.0000,OD,Novo a contratar 2026,5,3,4,4,240
2009,-,36,2009-Manutenção de Informática,,,,,,,,"2.7_Contratar consultoria para registro de software, gestão e compartilhamento de propriedade intelectual",02/01/2026,31/12/2026,Ailton Silva Machado,Consultoria para apoio técnico especializado para registro de software e Propriedade Intelectual e provisão para pagamentos de Taxas INPI,Unidade,12,"R$ 2.000,00","R$ 24.000,00",Grupo_3,3.3.90.40.001,1.759.0000,OD,Novo a contratar 2026,5,5,5,5,625
2009,-,36,2009-Manutenção de Informática,,,,,,,,2.8_ Implantar IA na área administrativa.,02/01/2026,31/12/2026,Antônio Neto,Contratação de ferramentas e soluções baseadas em Inteligência Artificial (IA) e RPA para os serviços administrativo.,Anual,01,"R$ 5.000,00","R$ 5.000,00",Grupo_3,3.3.90.40.001,1.759.0000,OD,Novo a contratar 2026,5,5,5,5,625
2009,-,36,2009-Manutenção de Informática,,,,,,,,,,,,Contratação de ferramentas e soluções baseadas em Inteligência Artificial (IA) e RPA para os serviços administrativo.,Anual,01,"R$ 821.758,00","R$ 821.758,00",Grupo_3,3.3.90.40.001,1.500.0000,OD,Novo a contratar 2026,5,5,5,5,625
2009,-,36,2009-Manutenção de Informática,3_Manutenção de infraestrutura de TI,02/01/2026,31/12/2026,Oferta de serviço ampliada,Percentual,100,Fernando César Pereira Bonfim,3.1_Disponbilizar Serviços e Soluções setoriais  de TIC,02/01/2026,31/12/2026,Fernando César Pereira Bonfim," Serviço de Emissão de Certificados Digitais (e-CPF, e-CNPJ), no padrão ICP-Brasil, bem como o fornecimento de dispositivos criptográficos (token), Visita(s) Técnica(s) para Validação e Emissão de Certificados Digitais",Anual,01,"R$ 5.000,00","R$ 5.000,00",Grupo_3,3.3.90.40.013,1.759.0000,OD,Novo a contratar 2026,3,3,3,3,81
2009,-,36,2009-Manutenção de Informática,,,,,,,,,,,,Aquisição de computadores tipo III para atender a MTI,Unidade,50,"R$ 2.000,00","R$ 100.000,00",Grupo_4,4.4.90.52.014,1.501.0000,OD,Novo a contratar 2026,5,5,4,4,400
2009,-,36,2009-Manutenção de Informática,,,,,,,,,,,,Aquisição de computadores tipo III para atender a MTI,Unidade,01,"R$ 288.242,00","R$ 288.242,00",Grupo_4,4.4.90.52.014,1.500.0000,OD,Novo a contratar 2026,5,5,4,4,400
2009,-,36,2009-Manutenção de Informática,,,,,,,,,,,,Aquisição de notebooks tipo II para atender a MTI,Unidade,10,"R$ 2.000,00","R$ 20.000,00",Grupo_4,4.4.90.52.014,1.501.0000,OD,Novo a contratar 2026,5,3,3,3,135
2009,-,36,2009-Manutenção de Informática,,,,,,,,,,,,Aquisição de monitores 24' para atender a MTI,Unidade,50,"R$ 200,00","R$ 10.000,00",Grupo_4,4.4.90.52.014,1.501.0000,OD,Novo a contratar 2026,5,3,3,3,135
2009,-,36,2009-Manutenção de Informática,,,,,,,,,,,,"Aquisição de manutenção de equipamentos e substituição de peças
Aquisição de suprimentos de TI",Anual,01,"R$ 5.000,00","R$ 5.000,00",Grupo_3,3.3.90.30.023,1.759.0000,OD,Novo a contratar 2026,5,3,3,3,135
2009,-,36,2009-Manutenção de Informática,,,,,,,,,,,,Locação de impressora e fotocopiadoras,Mês,12,"R$ 1.000,00","R$ 12.000,00",Grupo_3,3.3.90.39.041,1.759.0000,CD,Existente / Aditivo,1,1,1,1,1
2009,-,36,2009-Manutenção de Informática,,,,,,,,,,,,Locação de impressora e fotocopiadoras,Mês,04,"R$ 1.000,00","R$ 4.000,00",Grupo_3,3.3.90.39.041,1.759.0000,OD,Novo a contratar 2026,1,1,1,1,1
2009,-,36,2009-Manutenção de Informática,,,,,,,,,,,,Smartphone IOS,Unidade,01,"R$ 1.432,00","R$ 1.432,00",Grupo_4,4.4.90.52.014,1.500.0000,OD,Novo a contratar 2026,1,1,1,1,1
2009,-,36,2009-Manutenção de Informática,,,,,,,,,,,,Smartphone IOS,Unidade,01,"R$ 368,00","R$ 368,00",Grupo_4,4.4.90.52.014,1.501.0000,OD,Novo a contratar 2026,1,1,1,1,1
2009,-,36,2009-Manutenção de Informática,,,,,,,,,,,,Smartphone e Tablets Android,Unidade,04,"R$ 1.500,00","R$ 6.000,00",Grupo_4,4.4.90.52.014,1.500.0000,OD,Novo a contratar 2026,1,1,1,1,1
2009,-,36,2009-Manutenção de Informática,,,,,,,,,,,,MACBOOK AIR M4 ,Unidade,01,"R$ 1.958,00","R$ 1.958,00",Grupo_4,4.4.90.52.014,1.500.0000,OD,Novo a contratar 2026,1,1,1,1,1
2009,-,36,2009-Manutenção de Informática,,,,,,,,,,,,Aquisição de produto de cmdb (Gestão de Ativos),Anual,01,"R$ 5.000,00","R$ 5.000,00",Grupo_3,3.3.90.30.023,1.759.0000,OD,Novo a contratar 2026,5,3,3,3,135
2009,-,36,2009-Manutenção de Informática,,,,,,,,,,,,Aquisição de produto de cmdb (Gestão de Ativos),Anual,01,"R$ 895.000,00","R$ 895.000,00",Grupo_3,3.3.90.30.023,1.500.0000,OD,Novo a contratar 2026,5,3,3,3,135
2009,-,36,2009-Manutenção de Informática,,,,,,,,3.2_Adquirir  equipamento de CFTV,02/01/2026,31/12/2026,Olivia Campos Arruda,Serviço de manutenção de equipamento de CFTV para datacenter/ambiente MTI,Unidade,01,"R$ 5.016,00","R$ 5.016,00",Grupo_3,3.3.90.40.015,1.759.0000,OD,Novo a contratar 2026,5,5,4,4,400
2009,-,36,2009-Manutenção de Informática,,,,,,,,3.3_Fortalecer ações de fomento a cultura de inovação,02/01/2026,31/12/2026,Ailton Silva Machado,Aquisição Dispositivo móvel de alta performance - Tablets  ,Unidade,10,"R$ 900,00","R$ 9.000,00",Grupo_4,4.4.90.52.014,1.501.0000,OD,Novo a contratar 2026,5,3,4,4,240
2009,-,36,2009-Manutenção de Informática,,,,,,,,,,,,"Aquisição de smartphones para uso profissional pelos colaboradores da empresa, visando aprimorar a comunicação, produtividade e segurança no acesso à informação.",Unidade,06,"R$ 500,00","R$ 3.000,00",Grupo_4,4.4.90.52.028,1.500.0000,OD,Novo a contratar 2026,4,3,3,3,108
2009,-,36,2009-Manutenção de Informática,,,,,,,,3.4_Manter serviços de Assessoria Jurídica,02/01/2026,31/12/2026,Fabiola Bispo,"Contratação de empresa especializada no fornecimento de soluções tecnológicas de consultoria jurídica, denominadas “Zênite Fácil ESTATAIS” e “Orientação por Escrito Zênite em Licitações e Contratos”,",Unidade,01,"R$ 22.498,00","R$ 22.498,00",Grupo_3,3.3.90.39.016,1.759.0000,CD,Existente / Aditivo,2,3,3,3,54
2009,-,36,2009-Manutenção de Informática,,,,,,,,,,,,"Contratação de empresa para prestação de serviços de captação, leitura e envio de recortes eletrônicos de diários oficiais que ofereça serviço de leitura e clipping eletrônico para acompanhamento das publicações  ",Unidade,05,"R$ 1.378,00","R$ 6.890,00",Grupo_3,3.3.90.39.016,1.759.0000,CD,Existente / Aditivo,2,5,5,4,200
,,,,,,,,,,,,,,,,,,,,,,,,,,,,,
2014,-,36,2014-Publicidade institucional e propaganda,1_Manutenção da propaganda e publicidade  institucional,02/01/2026,31/12/2026,Atos administrativos publicados,Percentual,100,Gabriela Boscov Monteiro Vieira,1.1_Implementar o plano anual de comunicação e marketing,02/01/2026,31/12/2026,Gabriela Boscov Monteiro Vieira,"Divulgação de campanhas, redes sociais, vídeos marketing, agência especializada, softwares de edição",Mensal,12,"R$ 3.000,00","R$ 36.000,00",Grupo_3,3.3.90.39.077,1.500.0000,OD,Novo a contratar 2026,3,2,3,2,36
2014,-,36,2014-Publicidade institucional e propaganda,,,,,,,,,,,,"Aquisição de material de consumo: banner, folder, backdroop, adesivos, Display Acrílico;
Painel;
Placa de sinalização",Mensal,12,"R$ 2.000,00","R$ 24.000,00",Grupo_3,3.3.90.30.061,1.500.0000,OD,Novo a contratar 2026,3,2,3,2,36
2014,-,36,2014-Publicidade institucional e propaganda,,,,,,,,,,,,"Palestrante, maketing e divulgação do evento, fornecedores e etc.",Unidade,01,"R$ 124.079,00","R$ 124.079,00",Grupo_3,3.3.90.39.023,1.500.0000,OD,Novo a contratar 2026,3,2,3,2,36
2014,-,36,2014-Publicidade institucional e propaganda,,,,,,,,1.2_Monitorar o plano de comunicação e marketing,02/01/2026,31/12/2026,Gabriela Boscov Monteiro Vieira,SEM CUSTO,,,,"R$ 0,00",,,,,,,,,,0
2014,-,36,2014-Publicidade institucional e propaganda,,,,,,,,1.3_Avaliar o plano de comunicação e marketing,02/01/2026,31/12/2026,Gabriela Boscov Monteiro Vieira,SEM CUSTO,,,,"R$ 0,00",,,,,,,,,,0
,,,,,,,,,,,,,,,,,,,,,,,,,,,,,
2259,-,36,2259-Manutenção dos Benefícios adquiridos do Empregado Público,1_Execução do programa de valorização para os empregados da MTI,02/01/2026,31/12/2026,Programa executado,Percentual,100,Silvia Fernandes Batista,1.1_FAZER GESTÃO DO CONTRATO DE FORNECIMENTO DE VALE ALIMENTAÇÃO  E VALE TRANSPORTE,02/01/2026,31/12/2026,Silvia Márcia Fernandes,PLUXE - Benefícios Brasil SA - Fornecimento de vale alimentação e Refeição,Mês,12,"R$ 445.500,00","R$ 5.346.000,00",Grupo_3,3.3.90.39.60,1.501.0000,CD,Existente / Aditivo,5,5,5,5,625
2259,-,36,2259-Manutenção dos Benefícios adquiridos do Empregado Público,,,,,,,,,,,,CAJU - Empresa Brasileira de Beneficios e Pagamentos Ltda  - Fornecimento de vale alimentação e Refeição,Mês,12,"R$ 56.100,00","R$ 673.200,00",Grupo_3,3.3.90.39.60,1.501.0000,CD,Existente / Aditivo,5,5,5,5,625
2259,-,36,2259-Manutenção dos Benefícios adquiridos do Empregado Público,,,,,,,,,,,,IFOOD -  Empresa IFFOD Beneficios e Serviços Ltda - Fornecimento de vale alimentação e Refeição,Mês,12,"R$ 67.650,00","R$ 811.800,00",Grupo_3,3.3.90.39.60,1.501.0000,CD,Existente / Aditivo,5,5,5,5,625
2259,-,36,2259-Manutenção dos Benefícios adquiridos do Empregado Público,,,,,,,,,,,,VOLUS - Instituição de Pagamento Ltda  - Fornecimento de vale alimentação e Refeição,Mês,12,"R$ 6.600,00","R$ 79.200,00",Grupo_3,3.3.90.39.60,1.501.0000,CD,Existente / Aditivo,5,5,5,5,625
2259,-,36,2259-Manutenção dos Benefícios adquiridos do Empregado Público,,,,,,,,,,,,Vale transporte,Unidade,12,"R$ 1.760,00","R$ 21.120,00",Grupo_3,3.3.90.49.008,1.501.0000,OD,Novo a contratar 2026,5,5,5,5,625
2259,-,36,2259-Manutenção dos Benefícios adquiridos do Empregado Público,2_Execução dos programas de saúde do trabalhador conforme legislação vigente,02/01/2026,31/12/2026,Programa executado,Percentual,100,Silvia Fernandes Batista,2.1_EXECUTAR PROGRAMA DE QUALIDADE DE VIDA,02/01/2026,31/12/2026,Silvia Márcia Fernandes,"Executar o PCMSO, PGR, PPP, Análise Ergonômica, Ginástica Laboral + mão de obra de 1 Psicologo e 1 Asistente Social",Mês,06,"R$ 17.709,00","R$ 106.254,00",Grupo_3,3.3.90.39.033,1.501.0000,CD,Existente / Aditivo,5,5,5,5,625
2259,-,36,2259-Manutenção dos Benefícios adquiridos do Empregado Público,,,,,,,,,,,,"Executar o PCMSO, PGR, PPP, Análise Ergonômica, Ginástica Laboral + mão de obra de 1 Psicologo e 1 Asistente Social",Mês,06,"R$ 25.000,00","R$ 150.000,00",Grupo_3,3.3.90.39.033,1.501.0000,OD,Novo a contratar 2026,5,5,5,5,625
2259,-,36,2259-Manutenção dos Benefícios adquiridos do Empregado Público,,,,,,,,,,,,Unimed Saúde - Assistência médica Hospitalar (ACT),Mês,12,"R$ 86.940,00","R$ 1.043.280,00",Grupo_3,3.3.90.08.006,1.501.0000,CD,Existente / Aditivo,5,5,5,5,625
,,,,,,,,,,,,,,,,,,,,,,,,,,,,,
2854,,36,2854- Pagamento da contribuição do patrocinador para a Previdência Complementar,1_Contribuição a entidade fechada de previdência complementar dos servidores da MTI,02/01/2026,31/12/2026,Pagamento realizado,Percentual,100,Silvia Fernandes Batista,"1.1_ Arcar com pagamento de contrapartida a entidades fechadas
de previdência",02/01/2026,31/12/2026,Rogerio William Rodrigues Silva,"Pagamento de contribuição
a entidades fechadas de
previdência.
",Ano,01,"R$ 1.000,00","R$ 1.000,00",Grupo_1,3.1.90.07.001,1.500.0000,DO,Não,5,5,5,5,625
,,,,,,,,,,,,,,,,,,,,,,,,,,,,,
4491,-,36,4491-Pagamento de verbas indenizatória a servidores estaduais - VI,1_Pagamento de verbas indenizatórias a servidores estaduais.,02/01/2026,31/12/2026,Pagamento realizado,Unidade,18,Silvia Fernandes Batista,1.1_Realizar o pagamento de verbas indenizatórias a servidores estaduais.,02/01/2026,31/12/2026,Rogerio William Rodrigues Silva,Pagamento de JETONS para conselheiros  + Verba Indenizatórias,Ano,01,"R$ 1.409.748,00","R$ 1.409.748,00",Grupo_3,3.3.90.93.123,1.501.0000,DO,Não,5,5,5,5,625
,,,,,,,,,,,,,,,,,,,,,,,,,,,,,
8028,-,994,8028-Amortização e encargos da dívida interna,1_Pagamento do principal do parcelamento da divida da Lei 11941/2009 e Parcelamento Simplificado.,02/01/2026,31/12/2026,Pagamento realizado,Mês,12,Alcindo Fernando da Silva,1.1_Realizar pagamento do principal do parcelamento da divida da Lei 11941/2009 e Parcelamento Simplificado.,02/01/2026,31/12/2026,Alcindo Fernando da Silva,"PAGAMENTO DO PRINCIPAL DO PARCELAMENTO DA DÍVIDA DA LEI 11941/09, PARCELAMENTO PREVIDENCIÁRIO PROC.",Mês,12,"R$ 82.669,00","R$ 992.028,00",Grupo_6,4.6.90.71.033,1.501.0000,DO,Não,3,3,3,1,27
8028,-,994,8028-Amortização e encargos da dívida interna,2_Pagamento dos encargos do parcelamento da divida da Lei 11941/2009 e Parcelamento Simplificado.,02/01/2026,31/12/2026,Pagamento realizado,Mês,12,Alcindo Fernando da Silva,2.1_Realizar recolhimento dos juros referentes ao parcelamento conforme Lei 11941/2009 e Parcelamento Simplificado.,02/01/2026,31/12/2026,Alcindo Fernando da Silva,ENCARGOS DO PARCELAMENTO DA DÍVIDA RECOLHIDOS,Mês,12,"R$ 34.000,00","R$ 408.000,00",Grupo_2,3.2.90.21.033,1.501.0000,DO,Não,3,3,3,1,27
,,,,,,,,,,,,,,,,,,,,,,,,,,,,,
8002,-,996,8002-Recolhimento do PIS-PASEP e pagamento do abono,1_Recolhimento do PIS-PASEP e pagamento do abono,02/01/2026,31/12/2026,Obrigação legal cumprida,Percentual,100,Alcindo Fernando da Silva,1.1-Recolher PASEP Mensalmente,02/01/2026,31/12/2026,Alcindo Fernando da Silva,"Pagamento de PASEP., Legislação Brasileira Trabalhista, Decreto Lei 78276/1976., Pagamento de PASEP.",Mês,12,"R$ 94.585,00","R$ 1.135.020,00",Grupo_3,3.3.90.47.006,1.501.0000,DO,Não,3,3,3,2,54
,,,,,,,,,,,,,,,,,,,,,,,,,,,,,
8023,-,998,8023-Cumprimento de sentencas judiciais transitadas em julgado - Adm. Indireta,1_Preservação dos interesses jurídicos da Empresa,02/01/2026,31/12/2026,Assistência efetuada,Percentual,100,Fabiola Colino Bispo Santos,1.1_Cumprir as sentenças judiciais,02/01/2026,31/12/2026,Fabiola Colino Bispo Santos,CUMPRIMENTO DE SENTENÇAS JUDICIAIS TRANSITADAS EM JULGADO - CUSTAS JUDICIAIS,Ano,01,"R$ 524.892,00","R$ 524.892,00",Grupo_3,3.3.90.91.006,1.500.0000,DO,Não,4,5,4,3,240
,,,,,,,,,,,,,,,,,,,,,,,,,,,,,
8039,-,996,8039-Encargos com obrigações tributárias e contributivas,1_Cumprimento com as obrigações legais,02/01/2026,31/12/2026,Obrigação legal cumprida,Mês,12,Alcindo Fernando da Silva,1.1_Recolher Contribuição Social sobre lucro liquido e IRPJ,02/01/2026,31/12/2026,Alcindo Fernando da Silva,Pagamento de Obrigações tributárias e Contributivas sobre o resultado fiscal da empresa,Mês,12,"R$ 231.750,00","R$ 2.781.000,00",Grupo_3,3.3.90.47.001,1.501.0000,DO,Não,3,3,3,4,108
8039,-,996,8039-Encargos com obrigações tributárias e contributivas,1_Cumprimento com as obrigações legais,02/01/2026,31/12/2026,Obrigação legal cumprida,Mês,12,Alcindo Fernando da Silva,1.2_Recolher COFINS dos serviços prestados pela MTI,02/01/2026,31/12/2026,Alcindo Fernando da Silva,Recolhimento de COFINS dos serviços prestados pela MTI,Mês,12,"R$ 408.000,00","R$ 4.896.000,00",Grupo_3,3.3.90.47.005,1.501.0000,DO,Não,3,3,3,4,108
8039,-,996,8039-Encargos com obrigações tributárias e contributivas,1_Cumprimento com as obrigações legais,02/01/2026,31/12/2026,Obrigação legal cumprida,Mês,12,Alcindo Fernando da Silva,1.3_Recolher ISSQN dos serviços prestados pela MTI,02/01/2026,31/12/2026,Alcindo Fernando da Silva,Recolhimento de ISSQN dos serviços prestados pela MTI à clientes fora de MT,Mês,12,"R$ 91.875,00","R$ 1.102.500,00",Grupo_3,3.3.90.47.010,1.501.0000,DO,Não,3,3,3,4,108
,,,,,,,,,,,,,,,,,,,,,,,,,,,,,
8026,-,996,8026-Pagamento de emendas parlamentares impositivas,1_Recebimento de Emenda Parlamentar,02/01/2026,31/12/2026,Produto exclusivo para Emendas Parlamentares,Unidade,01,Thaynara Martins de Souza,1.1_Receber Emenda Parlamentar,02/01/2026,31/12/2026,Thaynara Martins de Souza,Objeto da Emenda,Unidade,01,"R$ 0,00","R$ 0,00",Grupo_3,3.3.50.41.000,1.501.0000,DO,Não,3,3,3,2,54
,,,,,,,,,,,,,,,,,,,,,,,,,,,,,
2787,-,536,2787-Manutenção de soluções corporativas de TIC,1_Disponibilização de Serviços Especializados de Datacenter Corporativo e Facilities,02/01/2026,31/12/2026,Infraestrutura do datacenter mantida,Percentual,100,Fernando Vieira Duarte,1.1_Administrar Datacenter Corporativo,02/01/2026,31/12/2026,Fernando Vieira Duarte,"Execução do Projeto de Retrofit do Datacenter compreendendo reestruturação elétrica, refrigeração,  prevenção e combate à incêncio e monitoração. Com serviços especializados e fornecimento de materiais",Unidade,01,"R$ 37.000,00","R$ 37.000,00",Grupo_3,3.3.90.40.001,1.501.0000,OD,Novo a contratar 2026,4,4,4,4,256
2787,-,536,2787-Manutenção de soluções corporativas de TIC,,,,,,,,,,,,"Contratar empresa especializada
para manter sistema elétrico e de
refrigeração do Data Center da MTI",Mensal,12,"R$ 150.000,00","R$ 1.800.000,00",Grupo_3,3.3.90.40.012,1.501.0000,CD,Existente / Aditivo,5,5,5,5,625
2787,-,536,2787-Manutenção de soluções corporativas de TIC,,,,,,,,,,,,Contratação de empresa especializada de engenharia para acompanhamento da execução de obra em Datacenter,Mensal,08,"R$ 200,00","R$ 1.600,00",Grupo_3,3.3.90.40.001,1.501.0000,OD,Novo a contratar 2026,4,4,4,4,256
2787,-,536,2787-Manutenção de soluções corporativas de TIC,,,,,,,,,,,,Aquisição de solução para realizar automatização do provimento de infraestrutura.  (subscrição),Anual,01,"R$ 50.000,00","R$ 50.000,00",Grupo_4,4.4.90.40.012,1.501.0100,OD,Novo a contratar 2026,4,4,4,4,256
2787,-,536,2787-Manutenção de soluções corporativas de TIC,,,,,,,,,,,,Contratação de Serviços Especializados sob demanda para soluão de automatização do provimento de infraestrutura e serviços de TIC,Unidade,50,"R$ 250,00","R$ 12.500,00",Grupo_3,3.3.90.40.001,1.501.0000,OD,Novo a contratar 2026,4,4,4,4,256
2787,-,536,2787-Manutenção de soluções corporativas de TIC,,,,,,,,,,,,Adesão ao RP para renovação das Subscrições de Soluções da Plataforma Red Hat,Unidade,2330,"R$ 50,00","R$ 116.500,00",Grupo_3,3.3.90.40.001,1.501.0100,OD,Novo a contratar 2026,4,4,4,4,256
2787,-,536,2787-Manutenção de soluções corporativas de TIC,,,,,,,,,,,,Serviços Especializados RedHat (sob demanda),Horas,500,"R$ 60,00","R$ 30.000,00",Grupo_3,3.3.90.40.001,1.501.0000,OD,Novo a contratar 2026,4,4,4,4,256
2787,-,536,2787-Manutenção de soluções corporativas de TIC,,,,,,,,,,,,Aquisição de Infraestrutura Física dedicada para provimento do ambiente Red Hat Openshift,Unidade,01,"R$ 2.100.000,00","R$ 2.100.000,00",Grupo_4,4.4.90.40.012,1.501.0100,CD,Existente / Aditivo,4,4,4,4,256
2787,-,536,2787-Manutenção de soluções corporativas de TIC,,,,,,,,,,,,Contratação de Solução de Balanceamento e Segurança de aplicações,Mensal,12,"R$ 150.000,00","R$ 1.800.000,00",Grupo_4,4.4.90.40.012,1.501.0100,CD,Existente / Aditivo,4,4,4,4,256
2787,-,536,2787-Manutenção de soluções corporativas de TIC,,,,,,,,,,,,Contração de empresa especializada para fornecimento de site secundário de Data Center,Unidade,01,"R$ 50.000,00","R$ 50.000,00",Grupo_4,4.4.90.40.012,1.501.0100,OD,Novo a contratar 2026,4,4,4,4,256
2787,-,536,2787-Manutenção de soluções corporativas de TIC,,,,,,,,,,,,Contração de empresa especializada para fornecimento de site secundário de Data Center,Unidade,01,"R$ 500.000,00","R$ 500.000,00",Grupo_4,4.4.90.40.012,1.500.0000,OD,Novo a contratar 2026,,,,,
2787,-,536,2787-Manutenção de soluções corporativas de TIC,,,,,,,,,,,,Contração de empresa especializada para fornecimento de serviços de engenharia para  site secundário de Data Center,Unidade,01,"R$ 20.000,00","R$ 20.000,00",Grupo_3,3.3.90.40.008,1.501.0100,OD,Novo a contratar 2026,4,4,4,4,256
2787,-,536,2787-Manutenção de soluções corporativas de TIC,,,,,,,,,,,,Contratação de empresa especializada para realização de movimentação de equipamentos de Data Center,Unidade,01,"R$ 17.380,00","R$ 17.380,00",Grupo_3,3.3.90.40.008,1.501.0100,OD,Novo a contratar 2026,4,4,4,4,256
2787,-,536,2787-Manutenção de soluções corporativas de TIC,2_Disponibilização Serviços de Nuvem Híbrida e Desaster Recovery,02/01/2026,31/12/2026,Software disponibilizado,Percentual,100,Fernando Vieira Duarte,2.1_Disponibilizar Serviços de Nuvem Híbrida e Desaster Recovery,02/01/2026,31/12/2026,Fernando Vieira Duarte,Contratação de Serviço de infraestrutura da Zadara que suporte Solução de BigData (Cloudera) - Autoconsumo,Mensal,12,"R$ 850.000,00","R$ 10.200.000,00",Grupo_3,3.3.90.40.008,1.501.0000,CD,Existente / Aditivo,4,4,4,4,256
2787,-,536,2787-Manutenção de soluções corporativas de TIC,,,,,,,,,,,,Expansão da Nuvem privada MTI HOST para obtenção de recuso de manobra para movimentação para o novo DC,Unidade,01,"R$ 677.250,00","R$ 677.250,00",Grupo_4,4.4.90.40.008,1.501.0000,CD,Existente / Aditivo,5,5,5,5,625
2787,-,536,2787-Manutenção de soluções corporativas de TIC,,,,,,,,,,,,Expansão da Nuvem privada MTI HOST para obtenção de recuso de manobra para movimentação para o novo DC,Unidade,01,"R$ 1.428.124,00","R$ 1.428.124,00",Grupo_4,4.4.90.40.008,1.501.0100,CD,Existente / Aditivo,5,5,5,5,625
2787,-,536,2787-Manutenção de soluções corporativas de TIC,,,,,,,,,,,,Prover ambiente de DR e HA para as aplicações de missão crítica Estadual,Unidade,01,"R$ 55.000,00","R$ 55.000,00",Grupo_4,4.4.90.40.008,1.759.0000,OD,Novo a contratar 2026,5,5,5,5,625
2787,-,536,2787-Manutenção de soluções corporativas de TIC,3_Disponibilização de Serviços de Banco de dados em Nuvem,02/01/2026,31/12/2026,Banco de dados implementado,Percentual,100,Fernando Vieira Duarte,3.1_Manter Banco de Dados Corporativo disponível,02/01/2026,31/12/2026,Fernando Vieira Duarte,Contratação de Empresa especializada para fornecimento de Soluções e Serviços de Nuvem Privada Oracle,Mensal,12,"R$ 1.600.000,00","R$ 19.200.000,00",Grupo_3,3.3.90.40.008,1.501.0000,CD,Existente / Aditivo,5,5,5,5,625
2787,-,536,2787-Manutenção de soluções corporativas de TIC,,,,,,,,,,,,Contratação de Serviços de Suporte e Garantia em Banco de dados Open,Mensal,12,"R$ 50.000,00","R$ 600.000,00",Grupo_3,3.3.90.40.008,1.501.0000,CD,Existente / Aditivo,4,5,5,5,500
2787,-,536,2787-Manutenção de soluções corporativas de TIC,,,,,,,,,,,,Contratação de Serviços especializados em Banco de dados Open,Unidade,1200,"R$ 110,00","R$ 132.000,00",Grupo_3,3.3.90.40.008,1.501.0100,CD,Existente / Aditivo,4,5,5,5,500
2787,-,536,2787-Manutenção de soluções corporativas de TIC,,,,,,,,,,,,"Contratação de Empresa especializada no suporte técnico, garantia e monitoramento em Banco de dados SQL Server (3 Instâncias/Cluster)",Mensal,12,"R$ 25.000,00","R$ 300.000,00",Grupo_3,3.3.90.40.008,1.501.0000,CD,Existente / Aditivo,4,4,4,4,256
2787,-,536,2787-Manutenção de soluções corporativas de TIC,,,,,,,,,,,,"Contratação de Serviços Especializados de Nível 3 (N3) para serviços gerenciados de Aplicação, Banco de dados, Plataformas e DevSecOps",Unidade,01,"R$ 143.375,00","R$ 143.375,00",Grupo_3,3.3.90.40.008,1.501.0100,OD,Novo a contratar 2026,5,4,3,3,180
2787,-,536,2787-Manutenção de soluções corporativas de TIC,,,,,,,,,,,,Contratação de empresa especializada no serviço de Suporte Técnico e Garantia em Banco de Dados Microsoft SQL Server e prestação de Serviços Técnicos Especializado sob demanda,Unidade,1800,"R$ 45,00","R$ 81.000,00",Grupo_3,3.3.90.40.008,1.501.0100,CD,Existente / Aditivo,4,4,4,4,256
2787,-,536,2787-Manutenção de soluções corporativas de TIC,,,,,,,,,,,,Contratação de empresa para fornecimento de Licenciamento Microsoft (Windows Server e SQL Server),Anual,01,"R$ 2.000.000,00","R$ 2.000.000,00",Grupo_3,3.3.90.40.008,1.501.0000,CD,Existente / Aditivo,4,4,4,4,256
2787,-,536,2787-Manutenção de soluções corporativas de TIC,4_Disponibilização de Soluções Digitais (Softwares e Aplicações em Microserviços) ,02/01/2026,31/12/2026,Software disponibilizado,Percentual,100,Fernando Vieira Duarte,4.1_Disponibilizar Soluções Digitais (Aplicações em Microserviços) ,02/01/2026,31/12/2026,Fernando Vieira Duarte,Disponibilizar Certificados SSL tipo OV sob demanda,Unidade,200,"R$ 209,00","R$ 41.800,00",Grupo_3,3.3.90.40.001,1.501.0100,CD,Existente / Aditivo,2,2,2,2,16
2787,-,536,2787-Manutenção de soluções corporativas de TIC,,,,,,,,,,,,Disponibilização de NOC 24x7x365,Unidade,01,"R$ 20.000,00","R$ 20.000,00",Grupo_3,3.3.90.40.001,1.501.0100,OD,Novo a contratar 2026,4,4,4,4,256
2787,-,536,2787-Manutenção de soluções corporativas de TIC,,,,,,,,,,,,"Prover solução de Entrega de aplicações em Alta disponibilidade , segurança e performance",Unidade,01,"R$ 55.000,00","R$ 55.000,00",Grupo_4,4.4.90.40.012,1.759.0000,OD,Novo a contratar 2026,4,4,4,4,256
2787,-,536,2787-Manutenção de soluções corporativas de TIC,,,,,,,,,,,,"Prover solução de Entrega de aplicações em Alta disponibilidade , segurança e performance",Unidade,01,"R$ 500.000,00","R$ 500.000,00",Grupo_4,4.4.90.40.012,1.500.0000,OD,Novo a contratar 2026,,,,,
2787,-,536,2787-Manutenção de soluções corporativas de TIC,,,,,,,,,,,,"Serviços Especializados para provimento de solução de Entrega de aplicações em Alta disponibilidade, segurança e performance",Unidade,800,"R$ 22,00","R$ 17.600,00",Grupo_3,3.3.90.40.001,1.501.0100,OD,Novo a contratar 2026,4,4,4,4,256
2787,-,536,2787-Manutenção de soluções corporativas de TIC,,,,,,,,,,,,Renovação da Garantia e suporte do Storage Huawei ,Anual,01,"R$ 15.000,00","R$ 15.000,00",Grupo_3,3.3.90.40.001,1.501.0100,OD,Novo a contratar 2026,4,4,4,4,256
2787,-,536,2787-Manutenção de soluções corporativas de TIC,,,,,,,,,,,,Renovação da Garantia e suporte do Storage Huawei ,Anual,01,"R$ 1.000.000,00","R$ 1.000.000,00",Grupo_3,3.3.90.40.001,1.500.0000,OD,Novo a contratar 2026,,,,,
2787,-,536,2787-Manutenção de soluções corporativas de TIC,,,,,,,,,,,,Renovação da Garantia e suporte da Solução de Hiperconvergência VX-RAIL (INTERMAT),Anual,01,"R$ 16.000,00","R$ 16.000,00",Grupo_3,3.3.90.40.001,1.501.0100,OD,Novo a contratar 2026,4,4,4,4,256
2787,-,536,2787-Manutenção de soluções corporativas de TIC,,,,,,,,,,,,Contratação de Consultoria para FINOPS,Unidade,01,"R$ 20.000,00","R$ 20.000,00",Grupo_3,3.3.90.40.001,1.501.0100,OD,Novo a contratar 2026,4,4,4,4,256
2787,-,536,2787-Manutenção de soluções corporativas de TIC,,,,,,,,4.2_Disponibilizar Soluções Digitais (Portal Corporativo) ,02/01/2026,31/12/2026,Robson Dias,"Manter a subscrição, suporte e atualização da ferramenta Liferay",Anual,01,"R$ 1.582,00","R$ 1.582,00",Grupo_3,3.3.90.40.001,1.500.0000,CD,Existente / Aditivo,5,5,5,4,500
2787,-,536,2787-Manutenção de soluções corporativas de TIC,,,,,,,,,,,,"Manter a subscrição, suporte e atualização da ferramenta Liferay",Anual,01,"R$ 13.129,00","R$ 13.129,00",Grupo_3,3.3.90.40.001,1.501.0000,CD,Existente / Aditivo,5,5,5,4,500
2787,-,536,2787-Manutenção de soluções corporativas de TIC,,,,,,,,,,,,"Manter a subscrição, suporte e atualização da ferramenta Liferay",Anual,01,"R$ 13.383,00","R$ 13.383,00",Grupo_3,3.3.90.40.001,1.501.0100,CD,Existente / Aditivo,5,5,5,4,500
2787,-,536,2787-Manutenção de soluções corporativas de TIC,,,,,,,,,,,,"Manter a subscrição, suporte e atualização da ferramenta Liferay",Anual,01,"R$ 639.106,00","R$ 639.106,00",Grupo_3,3.3.90.40.001,1.759.0000,CD,Existente / Aditivo,5,5,5,4,500
2787,-,536,2787-Manutenção de soluções corporativas de TIC,,,,,,,,,,,,Consultoria Liferay,Unidade,832,"R$ 450,00","R$ 374.400,00",Grupo_3,3.3.90.40.001,1.501.0100,CD,Existente / Aditivo,2,2,2,2,16
2787,-,536,2787-Manutenção de soluções corporativas de TIC,,,,,,,,,,,,Consultoria de Transformação Digital (sob demanda),Anual,01,"R$ 10.000,00","R$ 10.000,00",Grupo_3,3.3.90.40.001,1.501.0100,OD,Novo a contratar 2026,4,4,4,3,192
2787,-,536,2787-Manutenção de soluções corporativas de TIC,,,,,,,,,,,,Ferramenta DXP (SECOM),Unidade,01,"R$ 55.000,00","R$ 55.000,00",Grupo_4,4.4.90.40.008,1.759.0000,OD,Novo a contratar 2026,4,4,4,4,256
2787,-,536,2787-Manutenção de soluções corporativas de TIC,,,,,,,,,,,,Ferramentas de apoio a Transformação Digital,Unidade,01,"R$ 18.000,00","R$ 18.000,00",Grupo_3,3.3.90.40.001,1.501.0100,OD,Novo a contratar 2026,4,4,4,4,256
2787,-,536,2787-Manutenção de soluções corporativas de TIC,,,,,,,,,,,,Expansão de canais de governo digital para atendimento ao cidadão,Unidade,01,"R$ 21.000,00","R$ 21.000,00",Grupo_3,3.3.90.40.001,1.501.0100,OD,Novo a contratar 2026,4,4,4,4,256
2787,-,536,2787-Manutenção de soluções corporativas de TIC,,,,,,,,,,,,Expansão de canais de governo digital para atendimento ao cidadão,Unidade,01,"R$ 55.000,00","R$ 55.000,00",Grupo_4,4.4.90.40.008,1.759.0000,OD,Novo a contratar 2026,4,4,4,4,256
2787,-,536,2787-Manutenção de soluções corporativas de TIC,,,,,,,,4.3_Disponibilizar Soluções Digitais (Software),02/01/2026,31/12/2026,Claudia Zanquette,"Manter a subscrição, suporte e atualização das ferramentas Genexus",Anual,01,"R$ 46.000,00","R$ 46.000,00",Grupo_3,3.3.90.40.001,1.501.0100,CD,Existente / Aditivo,4,4,4,4,256
2787,-,536,2787-Manutenção de soluções corporativas de TIC,,,,,,,,,,,,"Manter a subscrição, suporte e atualização das ferramentas WorkWithPlus",Anual,01,"R$ 16.000,00","R$ 16.000,00",Grupo_3,3.3.90.40.001,1.501.0100,CD,Existente / Aditivo,4,4,3,3,144
2787,-,536,2787-Manutenção de soluções corporativas de TIC,,,,,,,,,,,,"Disponibilizar ferramentas de desenvolvimento de software Low-code:  Licença de GXserver Small Business, licenças Genexus Professional Edition, licenças Gerador Java para Genexus, licenças de Work With Plus",Unidade,01,"R$ 20.000,00","R$ 20.000,00",Grupo_3,3.3.90.40.001,1.501.0100,CD,Existente / Aditivo,4,4,3,3,144
2787,-,536,2787-Manutenção de soluções corporativas de TIC,,,,,,,,,,,,"Upgrades de softwares fabricados pela Dvelop SW S.A., (WorkWithPlus for Web (Ex-WorkWithPlus) e (Upgrade WorkWithPlus for Web (ex - WorkWithPlus)",Anual,01,"R$ 8.000,00","R$ 8.000,00",Grupo_3,3.3.90.40.001,1.501.0100,CD,Existente / Aditivo,4,4,3,3,144
2787,-,536,2787-Manutenção de soluções corporativas de TIC,,,,,,,,,,,,"Licenças perpétuas GeneXus
Java (GeneXus Professional
Edition + Gerador Java)
Gerador Native Mobile (ExGerador Smart Devices)",Anual,01,"R$ 160.000,00","R$ 160.000,00",Grupo_3,3.3.90.40.001,1.501.0100,CD,Existente / Aditivo,2,2,2,2,16
2787,-,536,2787-Manutenção de soluções corporativas de TIC,,,,,,,,,,,,"Suporte e atualização de 17 licencas do WorkWithPlus for Web (ExWorkWithPlus)
3 licencas do WorkWithPlus for Native Mobile (ExSmartDevicePlus) utilizadas no Programa FICDEV",Anual,01,"R$ 20.000,00","R$ 20.000,00",Grupo_3,3.3.90.40.001,1.501.0100,OD,Novo a contratar 2026,2,2,2,2,16
2787,-,536,2787-Manutenção de soluções corporativas de TIC,"5_Ampliação da Capacidade de entrega de Soluções, Serviços e Monitoramento de TIC",02/01/2026,31/12/2026,Monitoramento realizado,Percentual,100,Fernando Vieira Duarte,5.1_Monitorar ambiente de TIC,02/01/2026,31/12/2026,Fernando Vieira Duarte,Contratação de solução de APM - Contrato 047/2022 - RIKE IS ,Unidade,01,"R$ 3.500.000,00","R$ 3.500.000,00",Grupo_4,4.4.90.40.001,1.759.0000,CD,Existente / Aditivo,5,3,3,3,135
2787,-,536,2787-Manutenção de soluções corporativas de TIC,,,,,,,,,,,,Contratação de seviços especializados para solução de APM - Contrato 047/2022 - RIKE IS ,Mensal,12,"R$ 60.000,00","R$ 720.000,00",Grupo_3,3.3.90.40.001,1.759.0000,CD,Existente / Aditivo,5,3,3,3,135
2787,-,536,2787-Manutenção de soluções corporativas de TIC,,,,,,,,,,,,Contratação de Serviços de Monitoramento de Infraestrutura de TIC - ZABBIX/GRAFANA,Mensal,12,"R$ 25.000,00","R$ 300.000,00",Grupo_3,3.3.90.40.001,1.501.0100,CD,Existente / Aditivo,5,3,4,3,180
2787,-,536,2787-Manutenção de soluções corporativas de TIC,,,,,,,,,,,,Contratação de Serviços Especializados de Monitoramento de Infraestrutura de TIC - ZABBIX/GRAFANA (Sob demanda),Unidade,1200,"R$ 350,00","R$ 420.000,00",Grupo_3,3.3.90.40.001,1.759.0000,CD,Existente / Aditivo,5,3,4,3,180
2787,-,536,2787-Manutenção de soluções corporativas de TIC,6_Disponibilização de Central de Atendimento Corporativo de Governo,02/01/2026,31/12/2026,Sistema implantado,Percentual,100,Fernando César Pereira Bonfim,6.1_Disponibilizar Central de Atendimento Corporativo do Governo,02/01/2026,31/12/2026,Fernando César Pereira Bonfim,Contratação de serviços terceiros  em atendiemntos de chamados nível 1 para atendimento à MTI,Mensal,06,"R$ 30.000,00","R$ 180.000,00",Grupo_3,3.3.90.40.001,1.759.0000,CD,Existente / Aditivo,5,5,5,5,625
2787,-,536,2787-Manutenção de soluções corporativas de TIC,,,,,,,,,,,,Contratação de serviços terceiros  em atendiemntos de chamados nível 2 (analista de redes/infraestrutura) para atendimento à MTI,Mensal,06,"R$ 35.000,00","R$ 210.000,00",Grupo_3,3.3.90.40.001,1.500.0000,CD,Existente / Aditivo,5,4,3,3,180
2787,-,536,2787-Manutenção de soluções corporativas de TIC,,,,,,,,,,,,Atualização e suporte Ferramenta de Segurança Lógica de Infraestrutura na MTI - Antivirusl,Anual,01,"R$ 1.000.000,00","R$ 1.000.000,00",Grupo_4,4.4.90.40.001,1.759.0000,CD,Existente / Aditivo,3,3,4,4,144
2787,-,536,2787-Manutenção de soluções corporativas de TIC,,,,,,,,,,,,"Adesão ao ARP para Contratação de serviços terceiros para atendimentos de chamados nível 1 e nível 2 para atendimento à MTI, clientes e em obdiência ao Decreto n.º 546, de 26 de outubro de 2023.",Anual,01,"R$ 524.000,00","R$ 524.000,00",Grupo_3,3.3.90.40.001,1.500.0000,OD,Novo a contratar 2026,4,4,4,4,256
2787,-,536,2787-Manutenção de soluções corporativas de TIC,7_Disponibilização de Soluções de Segurança Cibernética,02/01/2026,31/12/2026,Ferramenta Disponibilizada,Percentual,100,Saffyk Vicuna,7.1_Disponibilizar Soluções de Segurança Cibernética,02/01/2026,31/12/2026,Saffyk Vicuna,Contratação de Serviços para Solução de gerenciamento de Identidades e acessos privilegiados,Unidade,800,"R$ 50,00","R$ 40.000,00",Grupo_3,3.3.90.40.001,1.500.0000,OD,Novo a contratar 2026,5,5,5,5,625
2787,-,536,2787-Manutenção de soluções corporativas de TIC,,,,,,,,,,,,Solução de gerenciamento de Identidades e acessos privilegiados (Licenciamento),Unidade,01,"R$ 22.000,00","R$ 22.000,00",Grupo_3,3.3.90.40.001,1.759.0000,OD,Novo a contratar 2026,4,3,3,4,144
2787,-,536,2787-Manutenção de soluções corporativas de TIC,,,,,,,,,,,,Contratação de Serviços para Ferramentas de Segurança em analise Vulnerabilidade,Unidade,750,"R$ 350,00","R$ 262.500,00",Grupo_3,3.3.90.40.001,1.500.0000,CD,Existente / Aditivo,4,3,3,4,144
2787,-,536,2787-Manutenção de soluções corporativas de TIC,,,,,,,,,,,,Contratação de Solução de gerenciamento de Identidades e acessos privilegiados,Unidade,800,"R$ 200,00","R$ 160.000,00",Grupo_3,3.3.90.40.001,1.759.0000,CD,Existente / Aditivo,4,3,3,4,144
2787,-,536,2787-Manutenção de soluções corporativas de TIC,,,,,,,,,,,,Contratação de Serviço especializado de análise de vulnerabilidade de Código,Anual,01,"R$ 3.000.000,00","R$ 3.000.000,00",Grupo_3,3.3.90.40.001,1.501.0000,CD,Existente / Aditivo,5,5,5,5,625
2787,-,536,2787-Manutenção de soluções corporativas de TIC,,,,,,,,,,,,Adesão  - Firewall (sob demanda),Unidade,01,"R$ 65.543,00","R$ 65.543,00",Grupo_4,4.4.90.40.001,1.759.0000,OD,Novo a contratar 2026,4,4,3,3,144
2787,-,536,2787-Manutenção de soluções corporativas de TIC,,,,,,,,,,,,"Adesão - Serviço, Treinamento e Suporte de Firewall (sob demanda)",Mensal,12,"R$ 20.000,00","R$ 240.000,00",Grupo_3,3.3.90.40.001,1.759.0000,OD,Novo a contratar 2026,4,4,3,3,144
2787,-,536,2787-Manutenção de soluções corporativas de TIC,,,,,,,,,,,,"Contratação de Soluções de SOC (Security Operation Center) em formato de serviço(SOC as a Service), SIEM (Licenciamento e implantação)",Unidade,01,"R$ 54.639,00","R$ 54.639,00",Grupo_4,4.4.90.40.001,1.759.0000,OD,Novo a contratar 2026,4,4,4,4,256
2787,-,536,2787-Manutenção de soluções corporativas de TIC,,,,,,,,,,,,"Contratação de Soluções de SOC (Security Operation Center) em formato de serviço(SOC as a Service), SIEM (Licenciamento e implantação)",Unidade,01,"R$ 500.000,00","R$ 500.000,00",Grupo_4,4.4.90.40.001,1.500.0000,OD,Novo a contratar 2026,,,,,
2787,-,536,2787-Manutenção de soluções corporativas de TIC,,,,,,,,,,,,"Contratação de Serviços Especializados, para Centro de Operações de Segurança (Security Operations Center - SOC) no modelo Blue Team, com funcionamento e suporte 24h por dia e 7 dias por semana, Serviço de testes de Penetração, Modelo Purple Team, Serviço de tratamento de ocorrências, plataforma de defesa cibernética, Serviços de Segurança Integrada de Infraestrutura para servidores - Orquestração e Serviços Técnicos Especializados de proteção de ambientes em nuvem",Anual,01,"R$ 500.450,00","R$ 500.450,00",Grupo_3,3.3.90.40.001,1.500.0000,OD,Novo a contratar 2026,4,4,4,4,256
2787,-,536,2787-Manutenção de soluções corporativas de TIC,,,,,,,,,,,,Solução de Segurança Analise Vulnerabilidade de Ambiente (Licenciamento),Unidade,01,"R$ 55.000,00","R$ 55.000,00",Grupo_4,4.4.90.40.001,1.759.0000,OD,Novo a contratar 2026,4,4,4,4,256
2787,-,536,2787-Manutenção de soluções corporativas de TIC,,,,,,,,,,,,Solução de Segurança Analise Vulnerabilidade de Ambiente (Licenciamento),Unidade,01,"R$ 500.000,00","R$ 500.000,00",Grupo_4,4.4.90.40.001,1.500.0000,OD,Novo a contratar 2026,,,,,
2787,-,536,2787-Manutenção de soluções corporativas de TIC,,,,,,,,,,,,Serviço especialiado de Segurança em Analise Vulnerabilidade de ambiente(sob demanda),Unidade,160,"R$ 50,00","R$ 8.000,00",Grupo_3,3.3.90.40.001,1.500.0000,OD,Novo a contratar 2026,4,4,4,4,256
2787,-,536,2787-Manutenção de soluções corporativas de TIC,8_Disponibilização de Soluções Corporativas de Geoprocessamento ,02/01/2026,31/12/2026,Ferramenta Disponibilizada,Percentual,100,Saffyk Vicuna,8.1_Disponibilizar Soluções Corporativas de Geoprocessamento,02/01/2026,31/12/2026,Saffyk Vicuna,Manter o suporte e manutenção estendida das ferramentas ArcGis,Anual,01,"R$ 450.000,00","R$ 450.000,00",Grupo_3,3.3.90.40.001,1.759.0000,CD,Existente / Aditivo,3,3,3,3,81
2787,-,536,2787-Manutenção de soluções corporativas de TIC,,,,,,,,,,,,Adesão Software/Licenciamento de Solução para Geoprocessamento,Unidade,01,"R$ 55.000,00","R$ 55.000,00",Grupo_4,4.4.90.40.001,1.759.0000,OD,Novo a contratar 2026,4,4,3,3,144
2787,-,536,2787-Manutenção de soluções corporativas de TIC,,,,,,,,,,,,Adesão Serviço para Solução de Geoprocessamento ,Unidade,120,"R$ 50,00","R$ 6.000,00",Grupo_3,3.3.90.40.001,1.759.0000,OD,Novo a contratar 2026,4,4,3,3,144
2787,-,536,2787-Manutenção de soluções corporativas de TIC,9_Disponibilização de Soluções Corporativas de Gestão de Dados e Informações Gerenciais,02/01/2026,31/12/2026,Ferramenta Disponibilizada,Percentual,100,Saffyk Vicuna,9.1_Disponibilizar Soluções Corporativas de Gestão de Dados e Informações Gerenciais,02/01/2026,31/12/2026,Saffyk Vicuna,"Solução MTI QLIK INTELLIGENCE (Licenciamento) de Governança, integração e catalogação de dados para o ambiente corporativo do governo",Unidade,01,"R$ 1.679.327,00","R$ 1.679.327,00",Grupo_3,3.3.90.40.001,1.501.0000,CD,Existente / Aditivo,5,5,5,5,625
2787,-,536,2787-Manutenção de soluções corporativas de TIC,,,,,,,,,,,,"Serviços especializado QLIK INTELLIGENCE de Governança, integração e catalogação de dados para o ambiente corporativo do governo (sob demanda)",Unidade,850,"R$ 230,00","R$ 195.500,00",Grupo_3,3.3.90.40.001,1.759.0000,CD,Existente / Aditivo,4,4,4,4,256
2787,-,536,2787-Manutenção de soluções corporativas de TIC,,,,,,,,,,,,Solução BigData (Cloudera) ,Anual,01,"R$ 2.500.000,00","R$ 2.500.000,00",Grupo_4,4.4.90.40.001,1.759.0000,CD,Existente / Aditivo,4,4,4,4,256
2787,-,536,2787-Manutenção de soluções corporativas de TIC,,,,,,,,,,,,Serviços de BigData (Cloudera) ,Mensal,12,"R$ 95.000,00","R$ 1.140.000,00",Grupo_3,3.3.90.40.001,1.759.0000,CD,Existente / Aditivo,4,4,5,4,320
2787,-,536,2787-Manutenção de soluções corporativas de TIC,10_Disponibilização de Soluções Corporativas de Privacidade de Dados,02/01/2026,31/12/2026,Ferramenta Disponibilizada,Percentual,100,Saffyk Vicuna,10.1_Disponibilizar Soluções Corporativas de Privacidade de Dados,02/01/2026,31/12/2026,Saffyk Vicuna,Contratação de serviço especializado em gestão de privacidade para adequação das aplicações conforme LGPD,Mensal,12,"R$ 29.007,00","R$ 348.084,00",Grupo_3,3.3.90.40.001,1.759.0000,CD,Existente / Aditivo,5,5,5,5,625
2787,-,536,2787-Manutenção de soluções corporativas de TIC,,,,,,,,,,,,Contratação de ferramenta e serviço especializado em Governança e Gestão de Dados,Unidade,01,"R$ 2.754.213,00","R$ 2.754.213,00",Grupo_3,3.3.90.40.001,1.501.0000,CD,Existente / Aditivo,5,5,5,5,625
2787,-,536,2787-Manutenção de soluções corporativas de TIC,11_Disponibilização de Soluções Corporativas de Inteligência Artificial,02/01/2026,31/12/2026,Ferramenta Disponibilizada,Percentual,100,Fernando Tonon de Rossi,11.1_Disponibilizar Soluções Corporativas de Inteligência Artificial,02/01/2026,31/12/2026,Fernando Tonon de Rossi,Insumo para Provimento de Infraestrutura em Nuvem Pública em modelo SA (Subscription Agreement) da Plataforma de Governo Digital do Estado de Mato Grosso.,Mensal,12,"R$ 225.040,00","R$ 2.700.480,00",Grupo_3,3.3.90.40.001,1.501.0000,CD,Existente / Aditivo,3,3,4,3,108
2787,-,536,2787-Manutenção de soluções corporativas de TIC,,,,,,,,,,,,Consultoria para implementação e melhoria de código e teste automatizado,Anual,01,"R$ 25.000,00","R$ 25.000,00",Grupo_3,3.3.90.40.001,1.759.0000,OD,Novo a contratar 2026,3,3,4,3,108
2787,-,536,2787-Manutenção de soluções corporativas de TIC,,,,,,,,,,,,Ferramentas de apoio ao desenvolvimento de Soluções Digitais,Unidade,01,"R$ 25.000,00","R$ 25.000,00",Grupo_3,3.3.90.40.001,1.759.0000,OD,Novo a contratar 2026,4,4,4,4,256
2787,-,536,2787-Manutenção de soluções corporativas de TIC,,,,,,,,,,,,Aquisição de Equipamento para processamento de IA,Unidade,01,"R$ 60.000,00","R$ 60.000,00",Grupo_4,4.4.90.40.001,1.759.0000,OD,Novo a contratar 2026,4,4,4,4,256
,,,,,,,,,,,,,,,,,,,,,,,,,,,,,
3397,-,536,3397-Ampliação da rede de comunicação do governo,1_Modernização da infraestrutura da rede de comunicação do governo,02/01/2026,31/12/2026,Infraestrutura mantida,Percentual,100,Fernando Vieira Duarte,1.1_Manter Rede Corporativa e INFOVIA-MT disponível e modernizada,02/01/2026,31/12/2026,Fernando Vieira Duarte,"Manutenção corretiva, preventiva da Rede INFOVIA-MT",Mensal,12,"R$ 36.141,00","R$ 433.692,00",Grupo_3,3.3.90.40.009,1.500.0000,CD,Existente / Aditivo,5,5,5,5,625
3397,-,536,3397-Ampliação da rede de comunicação do governo,,,,,,,,,,,,"Expansão e remanejamento de Rede de fibra óptica, cabeamento estruturado e infraestrutura associada da rede INFOVIA-MT",Unidade,01,"R$ 4.508.383,00","R$ 2.599.173,00",Grupo_4,4.4.90.40.009,1.501.0000,CD,Existente / Aditivo,5,5,5,5,625
3397,-,536,3397-Ampliação da rede de comunicação do governo,,,,,,,,,,,,"Expansão e remanejamento de Rede de fibra óptica, cabeamento estruturado e infraestrutura associada da rede INFOVIA-MT",Unidade,01,"R$ 1.809.236,00","R$ 1.809.236,00",Grupo_4,4.4.90.40.009,1.759.0000,CD,Existente / Aditivo,5,5,5,5,625
3397,-,536,3397-Ampliação da rede de comunicação do governo,,,,,,,,,,,,"Expansão e remanejamento de Rede de fibra óptica, cabeamento estruturado e infraestrutura associada da rede INFOVIA-MT",Unidade,01,"R$ 99.974,00","R$ 99.974,00",Grupo_4,4.4.90.40.009,1.500.0000,CD,Existente / Aditivo,5,5,5,5,625
3397,-,536,3397-Ampliação da rede de comunicação do governo,,,,,,,,,,,,Manter acesso à internet do Sistema Autonomo (AS) - link 1,Mensal,06,"R$ 25.000,00","R$ 150.000,00",Grupo_3,3.3.90.40.009,1.500.0000,CD,Existente / Aditivo,5,5,5,5,625
3397,-,536,3397-Ampliação da rede de comunicação do governo,,,,,,,,,,,,Manter acesso à internet do Sistema Autonomo (AS) - link 2,Mensal,06,"R$ 25.000,00","R$ 150.000,00",Grupo_3,3.3.90.40.009,1.500.0000,CD,Existente / Aditivo,5,5,5,5,625
3397,-,536,3397-Ampliação da rede de comunicação do governo,,,,,,,,,,,,Implantar Nova Solução de Rede para ambiente de Datacenter  baseada em Topologia Spine-Leaf em SDN,Unidade,01,"R$ 4.200.000,00","R$ 4.200.000,00",Grupo_4,4.4.90.40.009,1.501.0000,CD,Existente / Aditivo,5,4,4,4,320
3397,-,536,3397-Ampliação da rede de comunicação do governo,,,,,,,,,,,,Manter acesso à internet do Sistema Autonomo (AS) - link 1,Mensal,06,"R$ 2.500,00","R$ 15.000,00",Grupo_3,3.3.90.40.009,1.500.0000,OD,Novo a contratar 2026,5,5,5,5,625
3397,-,536,3397-Ampliação da rede de comunicação do governo,,,,,,,,,,,,Manter acesso à internet do Sistema Autonomo (AS) - link 2,Mensal,06,"R$ 2.000,00","R$ 12.000,00",Grupo_3,3.3.90.40.009,1.500.0000,OD,Novo a contratar 2026,5,5,5,5,625
3397,-,536,3397-Ampliação da rede de comunicação do governo,,,,,,,,,,,,Contratação de empresa especializada para Manutenção Preventiva da Rede INFOVIA-MT,Mensal,12,"R$ 50,00","R$ 600,00",Grupo_3,3.3.90.40.009,1.500.0000,OD,Novo a contratar 2026,5,5,5,5,625
3397,-,536,3397-Ampliação da rede de comunicação do governo,,,,,,,,,,,,"Manutenção corretiva, ampliação e reestruturação da Rede INFOVIA-MT, com fornecimento de Materias, equipamentos e Serviços Especializados Sob Demanda",Unidade,01,"R$ 5.000,00","R$ 5.000,00",Grupo_3,3.3.90.40.009,1.500.0000,OD,Novo a contratar 2026,5,5,5,5,625
3397,-,536,3397-Ampliação da rede de comunicação do governo,,,,,,,,,,,,Disponibilizar LINK de comunicação dedicado para interconexão com o Datacenters de Nuvem Pública,Mensal,12,"R$ 775,75","R$ 9.309,00",Grupo_3,3.3.90.40.009,1.500.0000,OD,Novo a contratar 2026,5,5,5,5,625
,,,,,,,,,,,,,,,,,,,,,,,,,,,,,
3358,-,536,3358-Provimento de soluções de TIC,1_Disponibilização de Soluções e Serviços Digitais de Governo,02/01/2026,31/12/2026,Serviço prestado ,Percentual,100,Cláudia Zanquette,1.1_Desenvolver Soluções e Serviços Digitais de Governo Disponibilizado,02/01/2026,31/12/2026,Claudia Zanquette,"Contratação de serviço técnico especializado, continuado, na modalidade de fábrica de software para sustentação, desenvolvimento e melhorias de Sistemas de Informação, utilizando metodologia e práticas ágeis",Unidade,01,"R$ 3.000.000,00","R$ 3.000.000,00",Grupo_3,3.3.90.40.001,1.501.0000,CD,Existente / Aditivo,5,5,5,5,625
3358,-,536,3358-Provimento de soluções de TIC,,,,,,,,,,,,Pagamento de USTs para manutenção da plataforma de governo digital,Mês,12,"R$ 161.260,00","R$ 1.935.120,00",Grupo_3,3.3.90.40.001,1.759.0000,CD,Existente / Aditivo,5,5,5,5,625
3358,-,536,3358-Provimento de soluções de TIC,,,,,,,,,,,,Serviços especializados na Plataforma MTI Simplifica ,Mês,12,"R$ 163.740,00","R$ 1.964.880,00",Grupo_3,3.3.90.40.001,1.759.0000,OD,Novo a contratar 2026,5,5,5,5,625
3358,-,536,3358-Provimento de soluções de TIC,,,,,,,,,,,,Desenvovimento de soluções digitais com MTI SQUAD,Mês,12,"R$ 50.000,00","R$ 600.000,00",Grupo_3,3.3.90.40.001,1.759.0000,OD,Novo a contratar 2026,5,5,5,5,625
,,,,,,,,,,,,,,,,,,,,,,,,,,,,,
-,-,,,,UGGOV: Ideraldo,,,,,,,,,,,,,,,,,,,,,,,,
1216,-,536,1216_Aperfeiçoamento das práticas de gestão,1_Sustentação das práticas de gestão,02/01/2026,31/12/2026,Metodologia Sustentada,percentual,100,Ideraldo Bonafé,1.1_Orientar na elaboração e revisão dos padrões da MTI.,02/01/2026,31/12/2026,Bruno Augusto Alves,SEM CUSTO,,,,"R$ 0,00",,,,,,,,,,0
1216,-,536,1216_Aperfeiçoamento das práticas de gestão,,,,,,,,1.2_Manter repositórios / base de dados atualizados.,02/01/2026,31/12/2026,Bruno Augusto Alves,SEM CUSTO,,,,"R$ 0,00",,,,,,,,,,0
1216,-,536,1216_Aperfeiçoamento das práticas de gestão,,,,,,,,1.3_Promover orientação às unidades administrativas,02/01/2026,31/12/2026,Bruno Augusto Alves,SEM CUSTO,,,,"R$ 0,00",,,,,,,,,,0
1216,-,536,1216_Aperfeiçoamento das práticas de gestão,,,,,,,,1.4_Manter painéis e demais bases de dados atualizados,02/01/2026,31/12/2026,Bruno Augusto Alves,SEM CUSTO,,,,"R$ 0,00",,,,,,,,,,0
1216,-,536,1216_Aperfeiçoamento das práticas de gestão,,,,,,,,1.5_Monitorar os resultados dos indicadores,02/01/2026,31/12/2026,Bruno Augusto Alves,SEM CUSTO,,,,"R$ 0,00",,,,,,,,,,0
1216,-,536,1216_Aperfeiçoamento das práticas de gestão,,,,,,,,1.6_Coordenar a revisão da Estratégia de Longo Prazo,02/01/2026,31/12/2026,Bruno Augusto Alves,SEM CUSTO,,,,"R$ 0,00",,,,,,,,,,0
1216,-,536,1216_Aperfeiçoamento das práticas de gestão,,,,,,,,1.7_Coordenar a elaboração da Carta Anual,02/01/2026,31/12/2026,Bruno Augusto Alves,SEM CUSTO,,,,"R$ 0,00",,,,,,,,,,0
1216,-,536,1216_Aperfeiçoamento das práticas de gestão,,,,,,,,1.8_Coordenar a elaboração do Relatório Integrado de Sustentabilidade,02/01/2026,31/12/2026,Bruno Augusto Alves,SEM CUSTO,,,,"R$ 0,00",,,,,,,,,,0
1216,-,536,1216_Aperfeiçoamento das práticas de gestão,,,,,,,,1.9_Coordenar a elaboração do PTA,02/01/2026,31/12/2026,Bruno Augusto Alves,SEM CUSTO,,,,"R$ 0,00",,,,,,,,,,0
1216,-,536,1216_Aperfeiçoamento das práticas de gestão,,,,,,,,1.10_Coordenar a revisão do PPA,02/01/2026,31/12/2026,Bruno Augusto Alves,SEM CUSTO,,,,"R$ 0,00",,,,,,,,,,0
1216,-,536,1216_Aperfeiçoamento das práticas de gestão,,,,,,,,1.11_Coordenar a elaboração do RAG,02/01/2026,31/12/2026,Bruno Augusto Alves,SEM CUSTO,,,,"R$ 0,00",,,,,,,,,,0
1216,-,536,1216_Aperfeiçoamento das práticas de gestão,,,,,,,,1.12_Monitorar a execução dos planos de ação pelas unidades,02/01/2026,31/12/2026,Bruno Augusto Alves,SEM CUSTO,,,,"R$ 0,00",,,,,,,,,,0
-,-,,,,UNICRS: Ana Beatriz,,,,,,,,,,,,,,,,,,,,,,,,
1216,-,536,1216_Aperfeiçoamento das práticas de gestão,1_Sustentação das práticas de gestão,02/01/2025,31/12/2025,Práticas de Gestão Sustentadas,percentual,100,Ideraldo Bonafé,1.13_Manter o processo de conformidade ( cadeia de valor),02/01/2026,31/12/2026,Ione Aparecida Costa,SEM CUSTO,,,,"R$ 0,00",,,,,,,,,,0
1216,-,536,1216_Aperfeiçoamento das práticas de gestão,,,,,,,,1.14_Apoiar a alta administração na formulação e manutenção da política e dos planos de gestão de riscos corporativos,02/01/2026,31/12/2026,Ana Beatriz Coelho Colaço de Albuquerque,SEM CUSTO,,,,"R$ 0,00",,,,,,,,,,0
1216,-,536,1216_Aperfeiçoamento das práticas de gestão,,,,,,,,1.15_Manter e reportar à alta administração portfólio centralizado de riscos corporativos,02/01/2026,31/12/2026,Ana Beatriz Coelho Colaço de Albuquerque,SEM CUSTO,,,,"R$ 0,00",,,,,,,,,,0
1216,-,536,1216_Aperfeiçoamento das práticas de gestão,,,,,,,,1.16_Capacitar equipe em gestão de riscos,02/01/2026,31/12/2026,Ana Beatriz Coelho Colaço de Albuquerque,Confecção de cartilhas e materiais para disseminação,Unidade,10,"R$ 300,00","R$ 3.000,00",Grupo_3,3.3.90.39.023,1.759.0000,OD,Não,3,1,1,1,3
1216,-,536,1216_Aperfeiçoamento das práticas de gestão,,,,,,,,1.17_Manter o processo de Gestão de Riscos Corporativos,02/01/2026,31/12/2026,Ione Aparecida Costa,SEM CUSTO,,,,"R$ 0,00",,,,,,,,,,0
1216,-,536,1216_Aperfeiçoamento das práticas de gestão,,,,,,,,1.18_Disseminar código de conduta,02/01/2026,31/12/2026,Ana Beatriz Coelho Colaço de Albuquerque,Realização da Semana da Integridade para treinamento e disseminação dos documentos instituídos e do tema de uma forma geral ,Unidade,01,"R$ 10.000,00","R$ 10.000,00",Grupo_3,3.3.90.39.086,1.759.0000,OD,Não,4,3,3,3,108
1216,-,536,1216_Aperfeiçoamento das práticas de gestão,,,,,,,,1.19_Elaborar Plano Anual de Gerenciamento de Riscos,02/01/2026,31/12/2026,Ana Beatriz Coelho Colaço de Albuquerque,SEM CUSTO,,,,"R$ 0,00",,,,,,,,,,0
1216,-,536,1216_Aperfeiçoamento das práticas de gestão,,,,,,,,1.20_Monitorar Plano Anual de Gerenciamento de Riscos,02/01/2026,31/12/2026,Ione Aparecida Costa,SEM CUSTO,,,,"R$ 0,00",,,,,,,,,,0
1216,-,536,1216_Aperfeiçoamento das práticas de gestão,,,,,,,,1.21_Ampliar soluções de segurança da informação,02/01/2026,31/12/2026,Ana Beatriz Coelho Colaço de Albuquerque,SEM CUSTO,,,,"R$ 0,00",,,,,,,,,,0
1216,-,536,1216_Aperfeiçoamento das práticas de gestão,,,,,,,,1.22_Elaborar e executar Planos de Gestão da Segurança da Informação corporativos,02/01/2026,31/12/2026,Ana Beatriz Coelho Colaço de Albuquerque,SEM CUSTO,,,,"R$ 0,00",,,,,,,,,,0
1216,-,536,1216_Aperfeiçoamento das práticas de gestão,,,,,,,,1.23_Capacitar equipe em segurança da informação,02/01/2026,31/12/2026,Ana Beatriz Coelho Colaço de Albuquerque,Confecção de cartilhas e materiais para disseminação,Unidade,10,"R$ 300,00","R$ 3.000,00",Grupo_3,3.3.90.39.023,1.759.0000,OD,Não,3,1,1,1,3
1216,-,536,1216_Aperfeiçoamento das práticas de gestão,,,,,,,ok,1.24_Manter o processo de Segurança da Informação ( cadeia de valor),02/01/2026,31/12/2026,Ana Beatriz Coelho Colaço de Albuquerque,SEM CUSTO,,,,"R$ 0,00",,,,,,,,,,0
-,-,,,,UGGDC: Saffyk,,,,,,,,,,,,,,,,,,,,,,,,
1216,-,536,1216_Aperfeiçoamento das práticas de gestão,,,,,,,,1.25_Disponibilziar ferramentas de segurança cibernética,02/01/2026,31/12/2026,Saffyk Vicuna,Consultoria especializada para implementação/adequação/sustentação a LGPD – Lei Geral de Proteção de Dados,Unidade,01,"R$ 50.000,00","R$ 50.000,00",Grupo_3,3.3.90.39.086,1.759.0000,OD,Novo a contratar 2026,5,5,5,5,625
1216,-,536,1216_Aperfeiçoamento das práticas de gestão,,,,,,,,,,,Saffyk Vicuna,Contratação de Fornecimento de Software SGPS para adequação da LGPD,Unidade,01,"R$ 12.000,00","R$ 12.000,00",Grupo_3,3.3.90.39.086,1.759.0000,OD,Novo a contratar 2026,5,5,5,5,625
-,-,,,,CONTROLE INTERNO: Luis Lobo,,,,,,,,,,,,,,,,,,,,,,,,
1216,-,536,1216_Aperfeiçoamento das práticas de gestão,1_Sustentação das práticas de gestão,02/01/2025,31/12/2025,Práticas de Gestão Sustentadas,percentual,100,Ideraldo Bonafé,1.26_Acompanhar a implementação das recomendações emitidas pelos órgãos de Controle Interno e Externo por meio dos Planos de Providências do Controle Interno - PPCI,02/01/2026,31/12/2026,Suelene Montenegro,SEM CUSTO,,,,"R$ 0,00",,,,,,,,,,0
1216,-,536,1216_Aperfeiçoamento das práticas de gestão,,,,,,,,1.27_Manter o processo de Controle Interno,02/01/2026,31/12/2026,Suelene Montenegro,SEM CUSTO,,,,"R$ 0,00",,,,,,,,,,0
-,-,,,,UGPRO: Nathália,,,,,,,,,,,,,,,,,,,,,,,,
1216,-,536,1216_Aperfeiçoamento das práticas de gestão,1_Sustentação das práticas de gestão,02/01/2025,31/12/2025,Práticas de Gestão Sustentadas,percentual,100,Ideraldo Bonafé,1.28_Monitorar o Portfólio de Projetos,02/01/2026,31/12/2026,Nathalia Amik,"Contratação de serviços terceiros em implantação e customização de processos e metodologias de governança e gestão, desenvolvimento low code, implantação de plataforma, treinamento e sustentação, sob demanda, para a plataforma MTI NOW, conforme detalhada em Catálogo de Serviço. (Sob Demanda).",Unidade,01,"R$ 1.512.000,00","R$ 1.512.000,00",Grupo_3,3.3.90.40.001,1.501.0000,CD,Existente / Aditivo,5,5,5,5,625
1216,-,536,1216_Aperfeiçoamento das práticas de gestão,,,,,,,,,,,,Aquisição de licenças adicionais do ServiceNow: Licença Usuário Master e Licença Usuário Operador,Unidade,01,"R$ 654.907,00","R$ 654.907,00",Grupo_3,3.3.90.40.001,1.501.0000,CD,Existente / Aditivo,5,5,5,5,625
1216,-,536,1216_Aperfeiçoamento das práticas de gestão,,,,,,,,,,,,Aquisição de licenças adicionais do ServiceNow: Licença Usuário Master e Licença Usuário Operador,Unidade,01,"R$ 195.093,00","R$ 195.093,00",Grupo_3,3.3.90.40.001,1.759.0000,CD,Existente / Aditivo,5,5,5,5,625
1216,-,536,1216_Aperfeiçoamento das práticas de gestão,,,,,,,,"1.29_Contratar serviços de consultoria em mapeamento e implantação de processos e metodologias ágeis de desenvolvimento de software, produtos e serviços de TI",02/01/2026,31/12/2026,Nathalia Amik,"Implantar processos, práticas e metodologias ágeis e ITSM",Unidade,01,"R$ 10.000,00","R$ 10.000,00",Grupo_3,3.3.90.40.001,1.759.0000,OD,Novo a contratar 2026,5,5,5,5,625
-,-,,,,DIRC - UGENP: Ailton | UGEPV: Francisley,,,,,,,,,,,,,,,,,,,,,,,,
1216,-,536,1216_Aperfeiçoamento das práticas de gestão,1_Sustentação das práticas de gestão,02/01/2025,31/12/2025,Práticas de Gestão Sustentadas,percentual,100,Ideraldo Bonafé,1.30_Realizar gestão e captação de novas ideias,02/01/2026,31/12/2026,Ailton Machado,SEM CUSTO,,,,"R$ 0,00",,,,,,,,,,0
1216,-,536,1216_Aperfeiçoamento das práticas de gestão,,,,,,,,1.31_Realizar P&D para suporte e consultoria de produtos/serviços de inovação advindos de outros setores,02/01/2026,31/12/2026,Ailton Machado,SEM CUSTO,,,,"R$ 0,00",,,,,,,,,,0
1216,-,536,1216_Aperfeiçoamento das práticas de gestão,,,,,,,,1.32_Implantar Laboratório de Inovação,02/01/2026,31/12/2026,Ailton Machado,SEM CUSTO,,,,"R$ 0,00",,,,,,,,,,0
1216,-,536,1216_Aperfeiçoamento das práticas de gestão,,,,,,,,1.33_Fortalecer o ecossistema da inovação do Estado,02/01/2026,31/12/2026,Ailton Machado,SEM CUSTO,,,,"R$ 0,00",,,,,,,,,,0
1216,-,536,1216_Aperfeiçoamento das práticas de gestão,,,,,,,,1.34_Reavaliar processo de parcerias estrategicas,02/01/2026,31/12/2026,Ailton Machado,SEM CUSTO,,,,"R$ 0,00",,,,,,,,,,0
1216,-,536,1216_Aperfeiçoamento das práticas de gestão,,,,,,,,1.35_Prospectar e avaliar novas parcerias,02/01/2026,31/12/2026,Ailton Machado,SEM CUSTO,,,,"R$ 0,00",,,,,,,,,,0
1216,-,536,1216_Aperfeiçoamento das práticas de gestão,,,,,,,,1.36_Realizar a Gestão das parcerias estratégicas firmadas,02/01/2026,31/12/2026,Ailton Machado,SEM CUSTO,,,,"R$ 0,00",,,,,,,,,,0
1216,-,536,1216_Aperfeiçoamento das práticas de gestão,,,,,,,,1.37_Fortalecer ações de fomento a cultura de inovação,02/01/2026,31/12/2026,Ailton Machado,Inscrição em eventos de inovação,Unidade,01,"R$ 10.000,00","R$ 10.000,00",Grupo_3,3.3.90.36.034,1.759.0000,OD,Novo a contratar 2026,4,3,3,3,108
1216,-,536,1216_Aperfeiçoamento das práticas de gestão,,,,,,,,1.38_Fortalecer e Estimular o engajamento dos colaboradores com o projeto de gamificação,02/01/2026,31/12/2026,Ailton Machado,Premiação para colaboradores,Unidade,01,"R$ 10.000,00","R$ 10.000,00",Grupo_3,3.3.90.31.003,1.759.0000,OD,Novo a contratar 2026,3,3,3,3,81
1216,-,536,1216_Aperfeiçoamento das práticas de gestão,,,,,,,,1.39_Fortalecer o ecossistema da inovação do Estado,02/01/2026,31/12/2026,Ailton Machado,Patrocínio para eventos externos do ecossistema de inovação ou organização de eventos realizados pela MTI para promoção da inovação ou engajamento dos colaboradores,Unidade,01,"R$ 10.000,00","R$ 10.000,00",Grupo_3,3.3.90.31.001,1.759.0000,OD,Novo a contratar 2026,3,2,1,1,6
1216,-,536,1216_Aperfeiçoamento das práticas de gestão,,,,,,,,1.40_Participar em eventos externos de pós-venda,02/01/2026,31/12/2026,Francisley Carolino,Patrocínio de eventos externos de pós-venda para gerar visibilidade adicional para a empresa e fortalecer a sua reputação junto aos clientes e stakeholders.,Unidade,01,"R$ 10.000,00","R$ 10.000,00",Grupo_3,3.3.90.31.001,1.759.0000,OD,Novo a contratar 2026,4,3,2,2,48
1216,-,536,1216_Aperfeiçoamento das práticas de gestão,,,,,,,,,,,,Participação em workshops e seminários.,Unidade,01,"R$ 10.000,00","R$ 10.000,00",Grupo_3,3.3.90.36.034,1.759.0000,OD,Novo a contratar 2026,4,3,2,3,72
-,-,,,,OUVIDORIA: Mara,,,,,,,,,,,,,,,,,,,,,,,,
1216,-,536,1216_Aperfeiçoamento das práticas de gestão,1_Sustentação das práticas de gestão,02/01/2025,31/12/2025,Práticas de Gestão Sustentadas,percentual,100,Ideraldo Bonafé,"1.41_Receber e ofertar o devido tratamento às manifestações de denúncias, reclamações,
sugestões, elogios, solicitações, simplificações e pedidos de acesso à informação",02/01/2026,31/12/2026,Maraporacayama Cardoso Reis,SEM CUSTO,,,,"R$ 0,00",,,,,,,,,,0
1216,-,536,1216_Aperfeiçoamento das práticas de gestão,,,,,,,,1.42_Elaborar e encaminhar ao dirigente do Órgão Relatório de Gestão da Ouvidoria.,02/01/2026,31/12/2026,Maraporacayama Cardoso Reis,SEM CUSTO,,,,"R$ 0,00",,,,,,,,,,0
1216,-,536,1216_Aperfeiçoamento das práticas de gestão,,,,,,,,"1.43_coordenar ações para disseminação das normas, padrões e canais de atendimento da
Ouvidoria e Transparência;",02/01/2026,31/12/2026,Maraporacayama Cardoso Reis,SEM CUSTO,,,,"R$ 0,00",,,,,,,,,,0
1216,-,536,1216_Aperfeiçoamento das práticas de gestão,,,,,,,,1.44_coordenar o processo da classificação da informação em grau de sigilo,02/01/2026,31/12/2026,Maraporacayama Cardoso Reis,SEM CUSTO,,,,"R$ 0,00",,,,,,,,,,0
1216,-,536,1216_Aperfeiçoamento das práticas de gestão,,,,,,,,1.45_monitorar e disponibilizar informações na Transparência da MTI;,02/01/2026,31/12/2026,Maraporacayama Cardoso Reis,SEM CUSTO,,,,"R$ 0,00",,,,,,,,,,0
-,-,,,,UGACO: Alci,,,,,,,,,,,,,,,,,,,,,,,,
1216,-,536,1216_Aperfeiçoamento das práticas de gestão,1_Sustentação das práticas de gestão,02/01/2025,31/12/2025,Práticas de Gestão Sustentadas,percentual,100,Ideraldo Bonafé,1.46_Elaborar o plano de aquisições conjuntamente com as áreas demandantes,02/01/2026,31/12/2026,Alci de Oliveira Junior,SEM CUSTO,,,,"R$ 0,00",,,,,,,,,,0
1216,-,536,1216_Aperfeiçoamento das práticas de gestão,,,,,,,,1.47_Cumprir dentro dos prazos estipulados o plano de aquisições,02/01/2026,31/12/2026,Alci de Oliveira Junior,SEM CUSTO,,,,"R$ 0,00",,,,,,,,,,0
,,,,,,,,,,,,,,,,,,,,,,,,,,,,,
3399,-,536,3399-Estruturação da nova sede da MTI,1_Construção da nova sede da MTI,02/01/2026,31/12/2026,Sede construída,Percentual,100,Olívia Campos,1.1_Contratar empresa especialziada em serviço de engenharia,02/01/2026,31/12/2026,Antônio Neto,Reforma e Ampliação do prédio onde será a nova sede da MTI.,Metro,700,"R$ 1.800,00","R$ 1.260.000,00",Grupo_4,4.4.90.51.004,1.759.0000,CD,Existente / Aditivo,5,5,5,5,625
3399,-,536,3399-Estruturação da nova sede da MTI,,,,,,,,,,,,Fornecimento de mobiliário- Cadeira- Poltrona- Sofá - Decoração em geral - Eletro domesticos ,Unidade,01,"R$ 718.675,00","R$ 718.675,00",Grupo_4,4.4.90.52.034,1.759.0000,OD,Novo a contratar 2026,5,5,5,5,625
3399,-,536,3399-Estruturação da nova sede da MTI,,,,,,,,1.2_Contratar empresa especialziada para fornecimento de e implantação de sistemas,02/01/2026,31/12/2026,Fernando Bonfim,Paineis de Led e Automação,Unidade,01,"R$ 1.000.000,00","R$ 1.000.000,00",Grupo_4,4.4.90.52.034,1.759.0000,OD,Novo a contratar 2026,5,5,5,5,625
3399,-,536,3399-Estruturação da nova sede da MTI,,,,,,,,,,,,REGISTRO DE PREÇO PARA AQUISIÇÃO DE VIDEOWALL,Anual,01,"R$ 60.000,00","R$ 60.000,00",Grupo_3,3.3.90.30.024,1.759.0000,OD,Novo a contratar 2026,5,5,5,5,625
3399,-,536,3399-Estruturação da nova sede da MTI,,,,,,,,,,,,"FORNECIMENTO e IMPLANTAÇÃO dos sistema de ""Rede Integrada tipo XGS PON, Telefonia, Vídeo Conferência, CFTV, Access Point e Controle de Acesso"".",Unidade,01,"R$ 1.000.000,00","R$ 1.000.000,00",Grupo_4,4.4.90.40.008,1.759.0000,CD,Existente / Aditivo,5,5,5,5,625