OBJETIVOS | Indicadores e Metas,Riscos Estratégicos,RESULTADO-CHAVE | INICIATIVA [REI],REI - ID,DIRETORIA,Unidade,PRAZO,MÉTRICA,SITUAÇÃO TRIMESTRE 1,SITUAÇÃO TRIMESTRE 2,SITUAÇÃO TRIMESTRE 3,SITUAÇÃO TRIMESTRE 4,SITUAÇÃO GERAL,OBSERVAÇÕES
Objetivo 3: Melhorar a qualidade das entregas | Grau de maturidade de governança e gestão | Estágio1 68%,N.S.A.,"Revisar PMP's:
*Alimentar, Monitorar, acompanhar e disponibilizar informações.
*Disseminar normas de transparência e ouvidoria.
*Elaborar relatório de gestão da Ouvidoria e Transparência
*Gerir denúncias, reclamações, sugestões, elogios, solicitações e pedido de informações",01,GADP,OUVIDORIA,30/07/2024,PMP's revisados,"03 PMPs revisa, finalizando o ultimo para encaminhar para UGGOV validar e elaborar o fluxograma.","Finalizado a revisão dos PMP's, encaminhado para UGGOV revisar e criar o fluxograma até o final do mês de maio.","01 PMP Aprovado
01 em fase de aprovação
02 - Em revisão dos indicadores a pedido da Presendencia","02 PMP Validados
02 PMP Adiado
",Em execução,
Objetivo 3: Melhorar a qualidade das entregas | Grau de maturidade de governança e gestão | Estágio1 68%,N.S.A.,Criar formulário no Sigadoc para solicitação de classificação de documentos sigilosos,02,GADP,OUVIDORIA,30/11/2024,Formulário criado,Em fase de pesquisa e capacitação,Iniciada a criação de um regulamento de sigilo,1ª Versão do Regulamento concluída,"Foi realizada uma conversa inicial para criação do formulário, entretanto ficou definido que será necessária uma ação integrada com a Ouvidoria Geral (CGE) e Arquivo Público.",Cancelada,
"Objetivo 4: Incentivar uma transformação cultural motivando as pessoas para colaboração, inovação e foco em resultados | Percentual de pessoas com 100% de seu PDI executado | 70%",N.S.A.,"Participar de 09 capacitações cada membro da equipe, nas áreas de Ouvidoria, transparência,Atendimento ao Público, Comunicação e afins",03,GADP,OUVIDORIA,30/11/2024,09 Certificados de capacitação por membro da equipe,"Colaboradora Maria: 05 capacitações (cursos e eventos)

Colaboradora Mara: 04 capacitações (01 aguardando certificado)","Colaboradora Maria: 12 capacitações (cursos e eventos)

Colaboradora Mara: 07 capacitações 

Jenifer 06 Capacitações (desligada) 

Gabrielle 03 capacitações ","Colaboradora Maria: 14 capacitações (cursos e eventos)

Colaboradora Mara: 07 capacitações 

Jenifer 06 Capacitações (desligada) 

Gabrielle 07 capacitações ","Colaboradora Maria: 14 capacitações (cursos e eventos)

Colaboradora Mara: 11 capacitações 

Jenifer 06 Capacitações (desligada) 

Gabrielle 10 capacitações ",Concluída,
"Objetivo 4: Incentivar uma transformação cultural motivando as pessoas para colaboração, inovação e foco em resultados | Percentual de pessoas com 100% de seu PDI executado | 70%",N.S.A.,Disseminar mensalmente informativos sobre Ouvidoria e Transparência,04,GADP,OUVIDORIA,20/12/2024,nº de informativos disseminados,"Disseminado 04 Informes:
29/01 - Dia da Proteção de Dados
22/02 - Classificação da Informação
01/03 - Dia do Elogio
15/03 - Dia do Ouvidor (notícia e e-mail)","Disseminado 04 Informes:
29/01 - Dia da Proteção de Dados
22/02 - Classificação da Informação
01/03 - Dia do Elogio
15/03 - Dia do Ouvidor (notícia e e-mail)
22/04 - Pol. de divulgações de informações
20/05 - Atribuções de ouvidoria
21/05 - Elogios app MT cidadão 
25/06 -  Manifestações de Ouvidoria","Disseminado 04 Informes:
29/01 - Dia da Proteção de Dados
22/02 - Classificação da Informação
01/03 - Dia do Elogio
15/03 - Dia do Ouvidor (notícia e e-mail)
22/04 - Pol. de divulgações de informações
20/05 - Atribuções de ouvidoria
21/05 - Elogios app MT cidadão 
25/06 -  Manifestações de Ouvidoria
11/07 - prazo de resposta e priorização das demandas de ouvidoria
06/08 - Cartilha de Ouvidoria","Disseminado 04 Informes:
29/01 - Dia da Proteção de Dados
22/02 - Classificação da Informação
01/03 - Dia do Elogio
15/03 - Dia do Ouvidor (notícia e e-mail)
22/04 - Pol. de divulgações de informações
20/05 - Atribuções de ouvidoria
21/05 - Elogios app MT cidadão 
25/06 -  Manifestações de Ouvidoria
11/07 - prazo de resposta e priorização das demandas de ouvidoria
06/08 - Cartilha de Ouvidoria
27/09 - Dia internacional do acesso a informação 
29/10 - Requisitos e vedações para pedidos de acesso à informação
29/11 - Prazos de resposta dos pedidos de acesso a informação
27/12 - condutas passíveis de responsabilização (programado pela ASSCOM)",Concluída,
Objetivo 3: Melhorar a qualidade das entregas | Grau de maturidade de governança e gestão | Estágio1 68%,N.S.A.,Atualizar modelo do Termo de Classificação da Informação,05,GADP,OUVIDORIA,20/12/2024,Termo Atualizado,Em fase de pesquisa e capacitação,Iniciada a criação de um regulamento de sigilo,1ª Versão do Regulamento concluída,1ª Versão do Regulamento concluída,Concluída,
Objetivo 3: Melhorar a qualidade das entregas | Grau de maturidade de governança e gestão | Estágio1 68%,N.S.A.,Criar padrões/formulários para pedidos de desclassificação/redução de prazo de sigilo,06,GADP,OUVIDORIA,20/12/2024,Padrões/formulário criados,Em fase de pesquisa e capacitação,Iniciada a criação de um regulamento de sigilo,1ª Versão do Regulamento concluída,Formulário criado e disponível no site,Concluída,https://www.mti.mt.gov.br/informacoes-classificadas
Objetivo 3: Melhorar a qualidade das entregas | Grau de maturidade de governança e gestão | Estágio1 68%,N.S.A.,Termo de Compromisso de Preservação de Sigilo,07,GADP,OUVIDORIA,20/12/2024,Termo criado,Em fase de pesquisa e capacitação,Iniciada a criação de um regulamento de sigilo,1ª Versão do Regulamento concluída,"Foi priorizado a elaboração do Regulamento, neste trimestre daremos início as iniciativas planejadas. ",Em execução,
Objetivo 3: Melhorar a qualidade das entregas | Grau de maturidade de governança e gestão | Estágio1 68%,N.S.A.,Criar controle de empregados que possuem acesso a informações que estão classificadas,08,GADP,OUVIDORIA,20/12/2024,Controle criado,Em fase de pesquisa e capacitação,Iniciada a criação de um regulamento de sigilo,1ª Versão do Regulamento concluída,"Foi priorizado a elaboração do Regulamento, neste trimestre daremos início as iniciativas planejadas. ",Em execução,
"Objetivo 4: Incentivar uma transformação cultural motivando as pessoas para colaboração, inovação e foco em resultados | Percentual de pessoas com 100% de seu PDI executado | 70%",N.S.A.,Realizar ao mínimo 18 reuniões para orientação sobre as classificações da informação e outros temas de ouvidoria e transparência,09,GADP,OUVIDORIA,31/07/2024,"Nº de reuniões realizadas
Todas as unidades e gerências Orientadas",Não iniciada,Não iniciada,Não iniciada,Não iniciada,Atrasada,Atividade não foi iniciada devido priorização de atividades referente a implementação da LGPD
,,,,,,,,,,,,,
Objetivo 3: Melhorar a qualidade das entregas | Grau de maturidade de governança e gestão | Estágio1 68%,N.S.A.,Elaborar o plano de integridade,01,GADP,UNICRS,30/03/2023,Plano elaborado,o plano de integridade foi aprovado pela Resolução 02/2024 e oficialmente lançado no dia  27/03 ,CONCLUÍDO,CONCLUÍDO,CONCLUÍDO,Concluída,
Objetivo 3: Melhorar a qualidade das entregas | Grau de maturidade de governança e gestão | Estágio1 68%,Objetivo 3 R7_Implementar Plano de Integridade,Definir riscos de integridade,02,GADP,UNICRS,30/04/2024,Riscos definidos,os riscos foram definidos nos plano de ação de riscos das unidades ,CONCLUÍDO,CONCLUÍDO,CONCLUÍDO,Concluída,
Objetivo 3: Melhorar a qualidade das entregas | Grau de maturidade de governança e gestão | Estágio1 68%,Objetivo 3 R7_Implementar Plano de Integridade,Definir indicadores de integridade,03,GADP,UNICRS,30/04/2024,Indicadores definidos,os indicadores serão definidos até dia 30/04 . porém o plano já está sendo monitorado ,Indicador definido: PERCENTUAL DE EXECUÇÃO DO PLANO DE INTEGRIDADE,CONCLUÍDO,CONCLUÍDO,Concluída,
Objetivo 3: Melhorar a qualidade das entregas | Grau de maturidade de governança e gestão | Estágio1 68%,Objetivo 3 R7_Implementar Plano de Integridade,Elaborar política de integridade e anticorrupção,04,GADP,UNICRS,30/07/2024,Política elaborada,minuta elaborada ,"A minuta passou por nova análise, em razão de atualizações legais e do lançamento do programa de integridade da MTI - será apresentado ao presidente para posterior aprovação em DIREX ou Conselho de Administração","EM ANDAMENTO - a política já havia sido finalizada, contudo, em razão da necessidade de adequação dos documentos instituídos, uma nova proposta esta sendo desenvolvida, considerando, ainda, as políticas atualmente instituídas e o codigo de conduta e integridade e código disciplinar, que está passando por atualizações.",,Em execução,"Em razão da necessidade de adequações do documento às políticas instituídas, o conteúdo precisou ser revisado e deve aguardar a atualização do codigo de conduta e integridade."
Objetivo 3: Melhorar a qualidade das entregas | Grau de maturidade de governança e gestão | Estágio1 68%,N.S.A.,Aprovar no conselho de adm a politica de risco ,05,GADP,UNICRS,30/03/2024,Documentos atualizadas,já foi aprovado resolução 02/2024 e publicada na internet  ,CONCLUÍDO,CONCLUÍDO,CONCLUÍDO,Concluída,
Objetivo 3: Melhorar a qualidade das entregas | Grau de maturidade de governança e gestão | Estágio1 68%,N.S.A.,"Atualizar os modelos existentes atualmente, a fim de otimizar, simplificar e adequar o preenchimento das planilhas, à realidade do gerenciamento de riscos na MTI. ",06,GADP,UNICRS,29/02/2024,Planilhas atualizadas,atualizadas ,CONCLUÍDO,CONCLUÍDO,CONCLUÍDO,Concluída,
Objetivo 3: Melhorar a qualidade das entregas | Grau de maturidade de governança e gestão | Estágio1 68%,Objetivo 3 R3_Aperfeiçoar os processos de segurança da informação e de riscos que afetam os processos finalísticos,Elaborar e apresentar em DIREX relatório trimestral da evolução do tratamento dos riscos corporativos na MTI.,07,GADP,UNICRS,30/12/2024,Relatorios entregues ,previsto para junho de 2024,"Em elaboração o primeiro relatório trimestral (referente a abril, maio e junho) - será apresentado em DIREX",Primeiro relatório encaminhado - segundo relatório será elaborado após o 5º dia útil de outubro e será apresentado em DIREX.,,Em execução,
Objetivo 3: Melhorar a qualidade das entregas | Grau de maturidade de governança e gestão | Estágio1 68%,N.S.A.,Revisar e atualizar o regimento interno e a portaria de nomeação do comitê de segurança e riscos,08,GADP,UNICRS,30/04/2024,Regimento Interno e  portaria de nomeação do Comitê de Segurança e Riscos atualizado,"portaria do comitê atualizada n.025/2024 e o regimento já foi atualizado , em andamento a aprovação do presidente ","portaria publicada. regimento interno já validado pelo presidente, analisado pela PGE e em análise na CGE, aguardando retorno para publicação.",CONCLUÍDO,CONCLUÍDO,Concluída,
Objetivo 3: Melhorar a qualidade das entregas | Grau de maturidade de governança e gestão | Estágio1 68%,Objetivo 3 R3_Aperfeiçoar os processos de segurança da informação e de riscos que afetam os processos finalísticos,Coordenar   a Elaboraçao do plano de açao  do comitê segurnaça e risco,09,GADP,UNICRS,30/04/2024,plano de açao elaborado ,"O plano esta em elaboracao, próxima reunião dia 25/04  ",CONCLUÍDO,CONCLUÍDO,CONCLUÍDO,Concluída,
Objetivo 3: Melhorar a qualidade das entregas | Grau de maturidade de governança e gestão | Estágio1 68%,Objetivo 3 R3_Aperfeiçoar os processos de segurança da informação e de riscos que afetam os processos finalísticos,Coodenar   as reunioes  do comitê segurança e risco,10,GADP,UNICRS,30/12/2024,reuniões aconpanhadas ,em andamento próxima reunião dia 25/04  ,Atividade em andamento - reunião realizada em 04/07/2024,Atividade em andamento - última reunião ocorreu em 19/09/2024,,Em execução,
"Objetivo 4: Incentivar uma transformação cultural motivando as pessoas para colaboração, inovação e foco em resultados | Percentual de pessoas com 100% de seu PDI executado | 70%",Objetivo 3 R7_Implementar Plano de Integridade,Promover treinamento do código de conduta e integridade aos colaboradores. (Anual),11,GADP,UNICRS,30/09/2024,Treinamentos realizado,prevista para setembro ,prevista para setembro ,CONCLUÍDO,CONCLUÍDO,Concluída,
"Objetivo 4: Incentivar uma transformação cultural motivando as pessoas para colaboração, inovação e foco em resultados | Percentual de pessoas com 100% de seu PDI executado | 70%",Objetivo 3 R7_Implementar Plano de Integridade,Promover treinamento das políticas de integridade (Anual),12,GADP,UNICRS,30/09/2024,Treinamentos realizado,prevista para setembro ,prevista para setembro ,CONCLUÍDO,CONCLUÍDO,Concluída,
"Objetivo 4: Incentivar uma transformação cultural motivando as pessoas para colaboração, inovação e foco em resultados | Percentual de pessoas com 100% de seu PDI executado | 70%",Objetivo 3 R7_Implementar Plano de Integridade,Disseminar mensalmente informativos de integridade (12 no ano),13,GADP,UNICRS,30/12/2024,Nº de informativos disseminados,"em andamento já foram disseminado os meses de janeiro , fevereiro , março e abril  ","EM ANDAMENTO - disseminações de maio, junho e julho realizadas ",EM ANDAMENTO - disseminações de agosto e setembro realizadas ,,Em execução,
"Objetivo 4: Incentivar uma transformação cultural motivando as pessoas para colaboração, inovação e foco em resultados | Percentual de pessoas com 100% de seu PDI executado | 70%",Objetivo 3 R3_Aperfeiçoar os processos de segurança da informação e de riscos que afetam os processos finalísticos,Disseminar mensalmente informativos de segurança da informaçao  (12 no ano),14,GADP,UNICRS,30/12/2024,Nº de informativos disseminados,"em andamento já foram disseminado os meses de janeiro , fevereiro , março e abril  ",EM ANDAMENTO - disseminações de maio e junho realizadas (julho programada),EM ANDAMENTO - disseminações de agosto e setembro realizadas ,,Em execução,
,,,,,,,,,,,,,
Objetivo 3: Melhorar a qualidade das entregas | Grau de maturidade de governança e gestão | Estágio1 68%,Objetivo 3 R3_Aperfeiçoar os processos de segurança da informação e de riscos que afetam os processos finalísticos,"Identicar e recomendar proteção para os ativos criticos da empresa. ( inclui adequados controles internos , cobertura de seguros, contigência e redundancia)",01,GADP,UNISECI,30/05/2024,Quantidade de ativos criticos Identificados com recomendações,"Em agenda 12/03/2024 com o presidente e assessor Cirano, ficou definido que esta iniciativa será tranferida para outra unidade administrativa(UNICRS). Afim de compor o processo de gerenciamento de Riscos","CONTACTADODIRETOR DA DTIC PARA REINICIAR OS TRABALHOS 
(contextualização e definição de diretrizes) - 09/01/2024
agenda 05/02 cancelada…aguardando nova data a ser informada pela DTIC
SOLICITADO NOVA DATA A ASSESSORA WANNESSA -19/02/2024

NA AGENDA 26/02 A PRESIDÊNCIA FICOU DE DEFINIR SE IRIA TRANSFERIR PARA A DTIC

AGENDA 12/03/2024 - Iniciativa será transferida para outra Unidade Administrativa.

",Cancelada,,Cancelada,Transferida
"Objetivo 1: Elevar o nível de satisfação do cliente e de imagem institucional | Índice de satisfação | 8,3",N.S.A.,Coordenar/Assistir as Undiades Administrativas na implementação do roteiro do e-Prevenção(CGE/TCU),02,GADP,UNISECI,30/12/2024,Quantidade de ações implementadas,"Realizado agendas com a UGGOV e UNICRS para implementação da Questão 24 Alternativa 02
Realizada agenda com UNICRS para abertura de um plano de ação para implementação da Q24A2
Apresentado GADP as formas de comunicação e de avaliação minutada pela UNICRS/UNISECI: 26/02/2024
==>Questão 18 - alternativa 2 - implementada","Questão 24 - A sua organização avalia a cultura e gestão da ética e da integridade?
Alternativa 2 - A minha organização avalia a regularidade e a eficiência da comunicação dos valores e princípios da organização. linha 76
Elaborado  plano de ação UNICRS/UNISECI
07.06.2024 - VALIDADO COM  à presidência.

Atualizardo no sistema e-Prevenção as alternativas “não serão implementadas”, de acordo com os dados da planilha de gestão.","Monotoramento da execução do plano de ação da questão 24 - alternativa 2
Realizado encerramento das questões : Questão 24 -  Alternativa 4  e Questão 27 -  Alternativa 1 
Extração de relatórios\evidencias para IMGG
Apresentação da planilha para a UNISECI-CGE e INTEGRIDADE","Em viturde da recomendação técnica 120/2024, foram realizadas 3 agendas de trabalho para: -Revisão dos responsáveis; - Atualização dos responsáveis; - definição/atualização dos prazos de implementação.

Questão 24, Aleternativa 2 - encontra-se em fase final de encerramento.

Realizado 09 (nove) agendas de trabalho com as Unidades Administrativas.",Em execução,
"Objetivo 3: Melhorar a qualidade das entregas | Índice de disponibilidade das soluções de TIC | 99,80%",Objetivo 3 R1_Aperfeiçoar os mecanismos de gestão e controle com ferramentas automatizadas na área finalística,"Analisar e reportar a efetividade dos controles intituidos políticas, PMP, planos, checklist l e procedimentos para se atingir  objetivos estratégicos",03,GADP,UNISECI,30/12/2024,"Indicador  (descrição) = checklist padronizados de  CONTRATAÇÕES aplicados 

indicador (formula) = ( numero de checklist aplicados /  7 )

meta (prazo) = semestral

meta = 100%","VALIDADO COM  GADP a permanecia da INICIATIVA.
VERIFICAR UGGOV a aplicação em 2024 - período - para as unidades administrativas com OM e que permaneceram na nova estrutura - PRAZO abril/2024
",EM SOBRESTADO ATÉ 15 DE JULHO,EM SOBRESTADO ATÉ 15 DE OUTUBRO,,Planejada,
"Objetivo 4: Incentivar uma transformação cultural motivando as pessoas para colaboração, inovação e foco em resultados | Percentual de pessoas com 100% de seu PDI executado | 70%",Objetivo 4 R3_Avaliar os resultados efetivos do atual método adotado visando o foco em resultados,Identitificar causas de não implementação das OM que contribuem com o Objetivo Estrategico 4 ,04,GADP,UNISECI,30/06/2024,Quantidade OM com relação direta com OBE4,INICIATIVA SUSPENSA....JÁ AÇÕES CONTIDAS NA  ANTERIOR,INICIATIVA SUSPENSA....JÁ AÇÕES CONTIDAS NA  ANTERIOR,Cancelada,,Cancelada,
,,,,,,,,,,,,,
"Objetivo 3: Melhorar a qualidade das entregas | Índice de disponibilidade das soluções de TIC | 99,80%",Objetivo 4 R3_Avaliar os resultados efetivos do atual método adotado visando o foco em resultados,Mapear os pareceres administrativos de acordo com os pareceres emitidos pela PGE/MT),01,GADP,UNIJUR,14/10/2024,Mapear 5 pareceres no ano e encaminhar as informações necessárias aos setores competentes através de CI.,Pareceres estão sendo mapeados,Preceres mapeados. Falta encaminhar a CI para ás áreas.,CI ainda não foi encaminhada,,Atrasada,
"Objetivo 3: Melhorar a qualidade das entregas | Índice de disponibilidade das soluções de TIC | 99,80%",Objetivo 4 R3_Avaliar os resultados efetivos do atual método adotado visando o foco em resultados,Padronizar o tempo necessário para análise dos processos administrativos (7 dias úteis),02,GADP,UNIJUR,31/12/2024,% de processos analisados dentro do prazo,prazos estão sendo cumpridos,"prazos devidamente cumpridos, a média consta no acompanhamento dos indicadores","medido mensalmente, demanda sendo cumprida",,Concluída,
"Objetivo 3: Melhorar a qualidade das entregas | Índice de disponibilidade das soluções de TIC | 99,80%",Objetivo 4 R3_Avaliar os resultados efetivos do atual método adotado visando o foco em resultados,"Padronizar os modelos de editais, minutas de contratos, regulamento de aquisições e manifestações. Kits de contratação para Parcerias, revisão e padronização dos documentos a serem utilizados.",03,GADP,UNIJUR,30/11/2024,Nº de documentos padronizados no ano,os modelos estão em andamento,Regulamento de aquisições e contratos foi finalizado pela UNIJUR e o setor de aquisições solicitou mais prazo para análise. As demais minutas estão sendo confeccionadas junto com as áreas específicas.,Regulamento de aquisições finalizado pelo Jurídico e encaminhado a PGE/MT para análise e Parecer Conclusivo,,Concluída,
,,,,,,,,,,,,,
"Objetivo 4: Incentivar uma transformação cultural motivando as pessoas para colaboração, inovação e foco em resultados | Percentual de pessoas com 100% de seu PDI executado | 70%",N.S.A.,Implementar Podcast da MTI,01,GADP,ASSCOM,31/07/2024,Podcast implementado,Ação não iniciada.,"Equipamentos e local solicitados à SECOM para realização do podcast 1x por mês.
Realizado estrutura do podcast e sugestões de pautas para ser validada com o presidente.","Podcast
Formato: Aprovado
Local: Definido
Conteúdo: Validado
Templates de divulgação: Prontos
Aguardando fim do período político conforme instrução da SECOM",,Em execução,
Objetivo 1: Elevar o nível de satisfação do cliente e de imagem institucional | Nível de satisfação do cliente com as soluções(1) de TIC entregues | 70%,Objetivo 4 R3_Avaliar os resultados efetivos do atual método adotado visando o foco em resultados,"Consolidar o instrumento de pesquisa institucional 
(Pesquisa de Imagem e Satisfação: meta 8,30)",02,GADP,ASSCOM,31/12/2024,Conceito da avaliação,Pesquisa de 2023 validada. Em fase de tratamento com base nos resultados obtidos.,"Em fase de tratamento com base nos resultados obtidos. Reuniões de alinhamento feitas com cada diretoria responsável,","Relatórios das duas diretorias entregues e em monitoramento contínuo.
",,Em execução,
,,,,,,,,,,,,,
Objetivo 1: Elevar o nível de satisfação do cliente e de imagem institucional | Nível de satisfação do cliente com as soluções(1) de TIC entregues | 70%,"Objetivo 1: R3_Aperfeiçoar a gestão na área técnica com adoção intensiva de práticas ágeis, gestão de projetos, gestão de capacidades",Aprimorar o PMP da Estratégia (otimização e interface com gestão de riscos) para uso no ciclo 2025,01,GADP,UGGOV_GGES,31/07/2024,PMP aprimorado,Não priorizado para 1º trimestre.,Não priorizado para 2º trimestre.,"PMP revisado em setembro com as melhorias:
Sistematizar o envio trimestral dos resultados do PE para os colaboradores
Disponibilizar na intranet: Planos das iniciativas estratégicas
Implantar novo indicador na uggov ""Índice de cumprimento do Plano Estratégico""
Criar indicadores de efetividade da estratégia.
Aprimorar o PMP da Estratégia (otimização e interface com gestão de riscos)
Aperfeiçoar a gestão à vista e disseminação do plano estratégico",Concluída,Concluída,
Objetivo 3: Melhorar a qualidade das entregas | Grau de maturidade de governança e gestão | Estágio1 68%,N.S.A.,Aperfeiçoar método/metodologia da avaliação da gestão adotando meta intermediária por Critério,02,GADP,UGGOV_GEPP,16/02/2024,Método/modelo adotado ,Modelo evoluído com adoção da previsão de meta por critério,Concluída,Concluída,Concluída,Concluída,
Objetivo 3: Melhorar a qualidade das entregas | Grau de maturidade de governança e gestão | Estágio1 68%,Objetivo 3 R4_Sensibilização/motivação das equipes,Revisar 3 processos críticos da UGGOV,03,GADP,UGGOV_GGES,29/11/2024,PMP´S revisados/elaborados,Iniciada a revisão de 2 processos: Monitorar PTA e Disseminar Cultura de Planejamento,Em revisão os processos da UGGOV: Monitorar PTA e Disseminar Cultura de Planejamento,"Revisado os processos:
Coordenar a Elaboração e Revisão do PPA 
Coordenar a Elaboração do Relatório de Ação Governamental - RAG
Manter o PTA Gerencial Monitorado
Manter Cadastro no Sistema “GAT”
Manter cadastro de Usuário no Sistema “Monitora”
Coordenar a Elaboração da Estratégia de Longo Prazo
Monitorar Plano de Trabalho Anual - PTA
Coordenar a Elaboração do PTA",Concluída,Concluída,
Objetivo 3: Melhorar a qualidade das entregas | Grau de maturidade de governança e gestão | Estágio1 68%,Objetivo 3 R1_Aperfeiçoar os mecanismos de gestão e controle com ferramentas automatizadas na área finalística,Disponibilizar novo painel de gestão sobre a Cadeia de Valor da MTI,04,GADP,UGGOV_GEPP,30/06/2024,Painel disponibilizado,Não priorizado para 1º trimestre.,Não priorizado para 2º trimestre.,Em fase de conclusão,Painel atualizado e disponibilizado a equipe gerencial da MTI.,Concluída,Painel elaborado
Objetivo 3: Melhorar a qualidade das entregas | Grau de maturidade de governança e gestão | Estágio1 68%,Objetivo 3 R4_Sensibilização/motivação das equipes,Aperfeiçoar a gestão à vista e disseminação do plano estratégico ,05,GADP,UGGOV_GGES,30/04/2024,"Painéis de gestão disponibilizados
Cartazes fisicos disponibilizados",Gestão à vista aprimorada através dos cartazes físicos e via intranet.,"Notícia elaborada, em análise junto ASSCOM para envio semestral a partir julho/24","Submenus na intranet - em fase de finalização
Notícia do PE elaborado - aguardando finalização intranet
PMP do PE aperfeiçoado","Submenus na intranet - atalização implementada
Notícia do PE elaborado - publicada na intranet",Concluída,
Objetivo 3: Melhorar a qualidade das entregas | Grau de maturidade de governança e gestão | Estágio1 68%,Objetivo 3 R4_Sensibilização/motivação das equipes,Aperfeiçoar a gestão à vista das práticas de gestão,06,GADP,UGGOV_GEPP,26/04/2024,"Gestão à vista aperfeiçoada
Disseminação aperfeiçoada","Gestão à vista aprimorada através dos cartazes físicos, via intranet e por meio dos painéis da gestão.",Concluída,Concluída,Concluída,Concluída,
Objetivo 3: Melhorar a qualidade das entregas | Grau de maturidade de governança e gestão | Estágio1 68%,Objetivo 3 R4_Sensibilização/motivação das equipes,Aprimorar o Modelo de práticas de gestão para 2025,07,GADP,UGGOV,31/10/2024,Modelo aprimorado,Não priorizado para 1º trimestre.,Ação planejada para Setembro,Proposta elaborada - em análise para aprovação,Proposta aprovada em diretoria,Concluída,
Objetivo 3: Melhorar a qualidade das entregas | Grau de maturidade de governança e gestão | Estágio1 68%,Objetivo 3 R4_Sensibilização/motivação das equipes,Publicar no site da SEPLAG a nova cadeia de valor / manual técnico área finalística,08,GADP,UGGOV_GEPP,29/02/2024,Mapeamento Publicado,Publicado em Fevereiro de 2024,Concluída,Concluída,Concluída,Concluída,
Objetivo 3: Melhorar a qualidade das entregas | Grau de maturidade de governança e gestão | Estágio1 68%,Objetivo 3 R4_Sensibilização/motivação das equipes,Aperfeiçoar o instrumento do RIS ,09,GADP,UGGOV_GGES,30/06/2024,Artefato aperfeiçoado,Elaborada minuta para apresentação ao diretor.,Será feita validação junto ao Diretor - previsto para julho/24,Modelo simplificado;aprovado,Concluída,Concluída,
,,,,,,,,,,,,,
Objetivo 1: Elevar o nível de satisfação do cliente e de imagem institucional | Nível de satisfação do cliente com as soluções(1) de TIC entregues | 70%,"Objetivo 1: R3_Aperfeiçoar a gestão na área técnica com adoção intensiva de práticas ágeis, gestão de projetos, gestão de capacidades",Elaborar Guia de de Gestão de Projetos com intuito de padronização das práticas de Gestão de Projetos do Modelo Tradicional e Ágil,01,GADP,UGPRO,15/06/2024,Documento disponibilizado em Sistema de Gestão,"Documento elaborado, necessitado de homologação junto a Área TIC.",Publicado a documento na primeira semana de Jul/24; Próximos passos é a formatação de Treinamento do SN em conjunto com a DTIC.,Concluída,,Concluída,"1. Prazo não atendido devido as adequações de Fluxo de Projetos no Sistema Service Now ainda em desenvolvimento.2. Previsão de conclusão: 15.06.24.
"
Objetivo 3: Melhorar a qualidade das entregas | Grau de maturidade de governança e gestão | Estágio1 68%,Objetivo 3 R1_Aperfeiçoar os mecanismos de gestão e controle com ferramentas automatizadas na área finalística,"Implantar Módulos de Plano de Aquisição e Plano de Ação com utilização do Service Now, com intuito de garantir a integridade das informações e propor visão estratégica do processo.",02,GADP,UGPRO,30/09/2024,Módulos de Plano de Ação no Service Now,"Concluído o levantamento de requisitos em conjunto com as Áreas GADP, DTIC e UGACO, e disponibilizadas ao parceiro VA para construção do BackLog",Demanda paralisada em virtude de outras ações emergências e redução de equipe.,"Em virtude da alta demanda de outras ações da UGPRO, no momento esta atividade não está priorizada por ausência de força de trabalho.",,Cancelada,1. Previsão de início a apartir do dia 20/08; 2. Atividade cancelada em virtude de insuficiência de horas em Contrato de Consumo.
Objetivo 1: Elevar o nível de satisfação do cliente e de imagem institucional | Nível de satisfação do cliente com as soluções(1) de TIC entregues | 70%,"Objetivo 1: R3_Aperfeiçoar a gestão na área técnica com adoção intensiva de práticas ágeis, gestão de projetos, gestão de capacidades",Capacitação dos integrantes da Equipe UGPRO na ferramenta Service Now e conceitos sobre Gestão de Projeto para otimização do atendimento dos clientes internos da MTI,03,GADP,UGPRO,31/08/2024,Número de Capacitações: 02 para 2024,"Capacitação não realizada, recentemente a UGPRO concluiu a contratação de 02 estagiários para UGPRO para apoio nas atividades da área.",Previso para terceira semana de Ago/24; Será formatado capacitação/ reciclagem para os usuários do SN.,UGPRO iniciou a revisão dos materiais de treinamentos disponibilizados pelo Parceiro ServiceNow; Próximos passos será a definição de plataforma de disponibilização dos cursos.,,Concluída,"1. Atividade com dependência da disoonibilização do Guia de Gestão de Projetos.
2. Previsão de conclusão: 31.07.24.
3. Elaboração de material de treinamento para disseminação da MTI."
,,,,,,,,,,,,,
"Objetivo 3: Melhorar a qualidade das entregas | Índice de disponibilidade das soluções de TIC | 99,80%",Objetivo 3 R1_Aperfeiçoar os mecanismos de gestão e controle com ferramentas automatizadas na área finalística,Disponibilizar infraestrutura de DW corporativo através da parceria,01,DTIC,UGGDC_GEGD,27/12/2024,DW corporativa disponibilizada,Aguardando Infraestrutura do DataLake,Aguardando Infraestrutura do DataLake,Aguardando Infraestrutura do DataLake,Foi aprovado o processo junto ao COTEC retornando para o CONDES deliberar,Em execução,"Infraestrutura criada, porém está desligada aguardando a liberação do produto Cloudera"
"Objetivo 3: Melhorar a qualidade das entregas | Índice de disponibilidade das soluções de TIC | 99,80%",Objetivo 3 R1_Aperfeiçoar os mecanismos de gestão e controle com ferramentas automatizadas na área finalística,Implantação de um datalake corporativo para abrigar informações de 2 secretarias do estado MT (repositório seguro de dados),02,DTIC,UGGDC,28/12/2024,data lake implantado,Aguardando Aquisição do Licenciamento através de TR,Aguardando Aquisição do Licenciamento através de TR,#REF!,Foi aprovado o processo junto ao COTEC retornando para o CONDES deliberar,Em execução,Processo de Aquisição em andamento
Objetivo 3: Melhorar a qualidade das entregas | Grau de maturidade de governança e gestão | Estágio1 68%,Objetivo 3 R3_Aperfeiçoar os processos de segurança da informação e de riscos que afetam os processos finalísticos,Definir e implantar processo de gerenciamento de incidentes de segurança,03,DTIC,UGGDC_GEDC,29/12/2024,processo implantado,Efetuando Levantamento de Ambiente da Infraestrutura,Efetuando Levantamento de Ambiente da Infraestrutura,Efetuando Levantamento de Ambiente da Infraestrutura,Processo Planejado,Planejada,Projeto em Andamento (Fase de Planejamento)
,,,,,,,,,,,,,
Objetivo 1: Elevar o nível de satisfação do cliente e de imagem institucional | Nível de satisfação do cliente com as soluções(1) de TIC entregues | 70%,"Objetivo 1: R3_Aperfeiçoar a gestão na área técnica com adoção intensiva de práticas ágeis, gestão de projetos, gestão de capacidades","Garantir nivel de satisfação de 70% das demandas relacionadas a agenda estratégica de governo digital -
2-E. Serviços públicos digitais",01,DTIC,UGGDI,27/12/2024,Pesquisa de satisfação,"No 1º Trimestre o nível de satisfatação foi 70%. 

Foram 5 projetos entregues, somente 1 projeto foi avaliado:
- Jan: 1 - 70%
- Fev: 1 - sem resposta
- Mar: 3 - sem resposta","No trimestre foram encaminhadas pesquisas:
- Abr:0 - sem resposta
- Mai: 5 - sem resposta
- Jun: 6 (faltam encaminhar 3) - 80% (1 resposta)","No trimestre foram encaminhadas pesquisas:
- Jul: 1 - 70%
- Ago: 0
- Set: 3 - 80% (1 resposta)","No trimestre foram encaminhadas pesquisas:
- Out:  1 - sem resposta
- Nov: 0 - sem resposta
- Dez:  - % ",Em execução,
Objetivo 1: Elevar o nível de satisfação do cliente e de imagem institucional | Nível de satisfação do cliente com as soluções(1) de TIC entregues | 70%,"Objetivo 1: R3_Aperfeiçoar a gestão na área técnica com adoção intensiva de práticas ágeis, gestão de projetos, gestão de capacidades",Alcançar 70% das notas máximas das lojas Android e Apple do MT Cidadão,02,DTIC,UGGDI_GPGD,27/12/2024,Notas das Lojas virtuais,Status - Estruturando estratégia de monitoramento,Status - Estruturando estratégia de monitoramento - avaliar possibilidade de extrair notas por período,Status - Estruturando estratégia de monitoramento - avaliar possibilidade de extrair notas por período,Na plataforma da loja virtual da Apple não foi identificado indicador que possibilite a implementação da iniciativa,Em execução,Robson Silva Dolores Dias coloca as notas que estão nas lojas
,,,,,,,,,,,,,
Objetivo 1: Elevar o nível de satisfação do cliente e de imagem institucional | Nível de satisfação do cliente com as soluções(1) de TIC entregues | 70%,"Objetivo 1: R3_Aperfeiçoar a gestão na área técnica com adoção intensiva de práticas ágeis, gestão de projetos, gestão de capacidades",70% de satisfação dos chamados N1,01,DTIC,UGSTI_GCES,31/12/2024,Pesquisa de Satisfação,"No 1º Trimestre tivemos 167 chamados avaliados, com média de 9,84 de satisfação (0-10).","No 2º Trimestre tivemos 109 chamados avaliados, com média de 9,73 de satisfação (0-10).","No 3º Trimestre tivemos 170 chamados avaliados, com média de 8,81 de satisfação (0-10).",,Em execução,
Objetivo 1: Elevar o nível de satisfação do cliente e de imagem institucional | Nível de satisfação do cliente com as soluções(1) de TIC entregues | 70%,"Objetivo 1: R3_Aperfeiçoar a gestão na área técnica com adoção intensiva de práticas ágeis, gestão de projetos, gestão de capacidades",70% Satisfação na implantação MTI Connect,02,DTIC,UGSTI_GSIC,31/12/2024,Pesquisa de Satisfação,"Projeto em fase de instalação dos link's, não foi realizada nenhuma pesquisa de satisfação até o momento.",Projeto com 39 pontos já instalados. Aguardando retorno das pesquisas de Satisfação enviadas dia 05/06. Assim que tiver um retorno atualizo aqui a planilha.,Projeto com 314 pontos já instalados. Aguardando retorno das pesquisas de Satisfação enviadas dia 05/06. ,,Em execução,
Objetivo 1: Elevar o nível de satisfação do cliente e de imagem institucional | Nível de satisfação do cliente com as soluções(1) de TIC entregues | 70%,"Objetivo 1: R3_Aperfeiçoar a gestão na área técnica com adoção intensiva de práticas ágeis, gestão de projetos, gestão de capacidades",70% Satisfação na implantação do Workspace,03,DTIC,UGSTI_GSUP,31/12/2024,Pesquisa de Satisfação,"Foi enviado a pesquisa de Satisfação para o Cliente Pref. Cariacica, não obtemos retorno até o momento. ","Foi enviado a pesquisa de Satisfação para o Cliente Pref. Cariacica, não obtemos retorno até o momento. ","Foi enviado a pesquisa de Satisfação para o Cliente Pref. Cariacica, não obtemos retorno até o momento. Já solicitado apoio a equipe de pós venda",,Em execução,
"Objetivo 3: Melhorar a qualidade das entregas | Índice de disponibilidade das soluções de TIC | 99,80%",Objetivo 3 R1_Aperfeiçoar os mecanismos de gestão e controle com ferramentas automatizadas na área finalística,Implantar 100% Processo de Incidentes,04,DTIC,UGSTI,30/09/2024,Processo implantado ,"Documento com as Políticas de Gerenciamento de Incidentes, concluído.  Será realizado alinhamento para início da execução.","Documento com as Políticas de Gerenciamento de Incidentes, concluído.  Será realizado uma agenda com todos os gerentes da DTIC para alinhamento e início dos fluxos defenidos na Política.",Agenda realizada com todos os gerentes DTIC. Central de Serviços N1 já atuando nos fluxos definidos.,,Concluída,"Projeto implantado, agora está na fase de monitoramento e avaliação"
,,,,,,,,,,,,,
"Objetivo 3: Melhorar a qualidade das entregas | Índice de disponibilidade das soluções de TIC | 99,80%",Objetivo 3 R1_Aperfeiçoar os mecanismos de gestão e controle com ferramentas automatizadas na área finalística,Implantação Rede Core SDN,01,DTIC,UGITI_GRCO,31/12/2024,Rede Implantada,Aguardando a Finalização da Assinatura do Contrato para emitir OS. atraso de 3 meses no cronograma inicial,"Assinado Contrato, emitido OS para o fornecedor iniciar as ativiades; Projeto na fase de planejamento  e aguardando entrega dos equipamentos","Realizada a Instalação Inicial dos Equipamentos 
Inciado o planejamento da topologia lógica da solução e migração",,Em execução,
"Objetivo 3: Melhorar a qualidade das entregas | Índice de disponibilidade das soluções de TIC | 99,80%",N.S.A.,Implanção e Operacionalização do Processo de Gestão de Capacidades,02,DTIC,UGITI,31/12/2024,Processo implantado,Em fase de levantamento e classificação,Suspenso,Suspenso,,Planejada,"Ação voltou para planejada porque está paralisada, devido a outras demandas."
"Objetivo 3: Melhorar a qualidade das entregas | Índice de disponibilidade das soluções de TIC | 99,80%",N.S.A.,Prover Retrofit do DC,03,DTIC,UGITI_GPAC,31/12/2024,Retrofit Executado,"Processo de contratação de Engenheiro para elaboração do projeto, concluída, aguardando UGACO finalizar tramites administrativos para assinatura de contrato","Contratação de empresa especializada realizado, aberto OS para elaboração dos projetos de Retrofit",Empresa entregou documentos do projeto de Retrofit para validação e aprovação; Apresentado as especificações e necessidades de adequação do espaço do DC,,Em execução,Iniciativa dependente da realização do Aditivo Contratual
Objetivo 3: Melhorar a qualidade das entregas | Grau de maturidade de governança e gestão | Estágio1 68%,N.S.A.,Implantação Nuvem Oracle at Customer,04,DTIC,UGITI_GABD,23/07/2024,Nuvem Implantada,"Execução iniciada efetivamente em 20/02/2024; Migrações iniciadas, previsão de encerrar migração em Maio/2024","Migrações Finalizada, em fase de descomissionamento da Nuvem GEN1","Implantação finalizada; Aguardando Moving dos Equipamentos do Site secundário para Sefaz, programado para 19/10/2024",Implantada com redundancia no site da SEFAZ,Concluída,
,,,,,,,,,,,,,
Objetivo 1: Elevar o nível de satisfação do cliente e de imagem institucional | Nível de satisfação do cliente com as soluções(1) de TIC entregues | 70%,"Objetivo 1: R3_Aperfeiçoar a gestão na área técnica com adoção intensiva de práticas ágeis, gestão de projetos, gestão de capacidades",70% dos projetos do Acordo de Resultados Detran 2024 entregues no prazo.,01,DTIC,UGSDG_GSPT,27/12/2024,Acordo estabelecido,100%,100%,100%,100%,Em execução,Monitoramento trimestral
Objetivo 1: Elevar o nível de satisfação do cliente e de imagem institucional | Nível de satisfação do cliente com as soluções(1) de TIC entregues | 70%,"Objetivo 1: R3_Aperfeiçoar a gestão na área técnica com adoção intensiva de práticas ágeis, gestão de projetos, gestão de capacidades",70% Projetos entregues no prazo acordado.,02,DTIC,UGSDG_GCOT,27/12/2024,Projetos priorizado,100%,100%,100%,100%,Em execução,Monitoramento trimestral
Objetivo 1: Elevar o nível de satisfação do cliente e de imagem institucional | Nível de satisfação do cliente com as soluções(1) de TIC entregues | 70%,"Objetivo 1: R3_Aperfeiçoar a gestão na área técnica com adoção intensiva de práticas ágeis, gestão de projetos, gestão de capacidades",70% Projetos do SigaDoc entregues no prazo acordado.,03,DTIC,UGSDG_GFTG,27/12/2024,Projetos priorizado,100%,100%,"- Não há projetos planejados para o terceiro trimestre, somente para o quarto",100%,Em execução,Monitoramento trimestral
Objetivo 1: Elevar o nível de satisfação do cliente e de imagem institucional | Nível de satisfação do cliente com as soluções(1) de TIC entregues | 70%,"Objetivo 1: R3_Aperfeiçoar a gestão na área técnica com adoção intensiva de práticas ágeis, gestão de projetos, gestão de capacidades",70% das Releases do Produtor entregues no prazo acordado.,04,DTIC,UGSDG_GAOI,27/12/2024,Release,30%,50%,67%,100%,Em execução,Monitoramento trimestral
Objetivo 1: Elevar o nível de satisfação do cliente e de imagem institucional | Nível de satisfação do cliente com as soluções(1) de TIC entregues | 70%,"Objetivo 1: R3_Aperfeiçoar a gestão na área técnica com adoção intensiva de práticas ágeis, gestão de projetos, gestão de capacidades",70% das Releases do Sistema de Gestão de Familias entregues no prazo acordado.,05,DTIC,UGSDG_GPSE,27/12/2024,Release,100%,100%,100%,100%,Em execução,Monitoramento trimestral
Objetivo 1: Elevar o nível de satisfação do cliente e de imagem institucional | Nível de satisfação do cliente com as soluções(1) de TIC entregues | 70%,"Objetivo 1: R3_Aperfeiçoar a gestão na área técnica com adoção intensiva de práticas ágeis, gestão de projetos, gestão de capacidades",70% de satisfação dos clientes referente as entregas realizadas,06,DTIC,UGSDG,27/12/2024,Pesquisa de Satisfação,"9,33","8,83","7,25",9,Em execução,Monitoramento trimestral
,,,,,,,,,,,,,
Objetivo 3: Melhorar a qualidade das entregas | Grau de maturidade de governança e gestão | Estágio1 68%,Objetivo 3 R1_Aperfeiçoar os mecanismos de gestão e controle com ferramentas automatizadas na área finalística,Promover a implementação de testes unitários com pelo menos 80% de cobertura em 5 projetos,01,DTIC,UGARQ,01/06/2024,Projeto com teste implantado,Implantado em 3 projetos,"12 projetos já estão implantados com algum nível de teste unitário, tendo 6 já com percentual satisfatório.",7 projetos com cobertura maior que 80% outros 11 entre 30% e 80%,,Concluída,Objetivo Concluído
Objetivo 3: Melhorar a qualidade das entregas | Grau de maturidade de governança e gestão | Estágio1 68%,Objetivo 3 R1_Aperfeiçoar os mecanismos de gestão e controle com ferramentas automatizadas na área finalística,Promover a implantação de testes de integração em pelo menos 2 projetos,02,DTIC,UGARQ,01/09/2024,Projeto com teste implantado,Ainda em fase de definição das ferramentas,"O sistema de teste de integração Locust está implantado, estamos em fase de implantação nos projetos. ",Testes realizados nos projetos da rematrícula e do processo seletivo,,Concluída,Objetivo Concluído
Objetivo 3: Melhorar a qualidade das entregas | Grau de maturidade de governança e gestão | Estágio1 68%,Objetivo 3 R1_Aperfeiçoar os mecanismos de gestão e controle com ferramentas automatizadas na área finalística,Promover a implantação de testes fim a fim em pelo menos 2 sistemas,03,DTIC,UGARQ,31/12/2024,Projeto com teste implantado,Ainda em fase de definição das ferramentas,O sistema playwright será utilizado para testes fim a fim. já tem um projeto em implantação,"Implantado playwright no projeto veículo-api e detox e2e no projeto mt cidadão, o playwright está em implantação nos novos templates para ser utilizado como padrão nos novos projetos",,Concluída,Objetivo Concluído
Objetivo 3: Melhorar a qualidade das entregas | Grau de maturidade de governança e gestão | Estágio1 68%,Objetivo 3 R1_Aperfeiçoar os mecanismos de gestão e controle com ferramentas automatizadas na área finalística,Implantar uma ferramenta para automação de deploy e promover a utilização em pelo menos 2 projetos,04,DTIC,UGARQ_GIAP,01/06/2024,Projeto com deploy automatizado,Finalizando a implantação da ferramenta,"A ferramenta Jenkins foi implantada, estamos em conversa com a UGITI para implantação em algum deploy","Os deploys estão sendo automatizados pelo gitlab CI, atualmente são executadas aproximadamente 1300 pipelines por mês em 297 projetos",,Concluída,Objetivo Concluído
"Objetivo 3: Melhorar a qualidade das entregas | Índice de disponibilidade das soluções de TIC | 99,80%",Objetivo 3 R1_Aperfeiçoar os mecanismos de gestão e controle com ferramentas automatizadas na área finalística,Evoluir o xVia para versão 7.X utilizando em kubernetes,05,DTIC,UGARQ_GASI,31/08/2024,Servidores Migrados,Finalizando o deploy da nova versão,"Ainda em fase de configuração e deploy da versão, o projeto foi despriorizado para entrega do xVia pros clientes MTPar, INDEA e SECEL",Foi implantada a versão 7.4.0 e está em uso atualmente no servidor seguro da MTI no GKE,,Concluída,Objetivo Concluído
,,,,,,,,,,,,,
Objetivo 1: Elevar o nível de satisfação do cliente e de imagem institucional | Nível de satisfação do cliente com as soluções(1) de TIC entregues | 70%,Objetivo 1: R2_Adotar intensivamente o ServiceNow com priorização na área finalística,100 % das solicitações e demandas do ServiceNow respondidas no prazo,01,DIRC,UGVEN,20/12/2024,solicitações atendidas em 5 dias,70%,70%,70%,,Em execução,"Gerir as solicitações e demandas dos clientes
Atendimento/acompanhamento ServiceNow e SIGDOC no prazo"
"Objetivo 1: Elevar o nível de satisfação do cliente e de imagem institucional | Índice de satisfação | 8,3",N.S.A.,Realizar no mínimo uma visita presencial com o superintendente ou coordenador de TI do órgão ,02,DIRC,UGVEN,20/12/2024,12 reuniões com os clientes realizadas,50%,60%,60%,,Em execução,Realizar no minimo uma reunião mensal (fisica) com os clientes
Objetivo 2: Elevar a receita de faturamento | Valor do Faturamento (R$ em Milhões) | 80,Objetivo 2: R3_Aperfeiçoar o modelo de contratação dos serviços da MTI ,"Obter o parecer referencial da PGE
Disponibilizar o Kit contratação para clientes",03,DIRC,UGVEN,31/07/2024,"Parecer referencial disponibilizado
Kit contratação disponibilizado",10%,15%,15%,,Em execução,"Realizar reuniões semanais de acompanhamento de contratos com UNUJIR e GCTO
00 % dos contratos e aditivos assinados até 10 dias na MTI
Automatizar o processo de faturamento"
Objetivo 2: Elevar a receita de faturamento | Valor do Faturamento (R$ em Milhões) | 80,Objetivo 2: R1_Implementar um novo modelo de gestão comercial e de relacionamento com o cliente,100% do processo de faturamento automatizado (Infocenter e Phothes automatizados e integrados),04,DIRC,UGVEN,31/07/2024,Processo automatizado,80%,80%,80%,,Em execução,Automatizar o processo de faturamento
Objetivo 2: Elevar a receita de faturamento | Valor do Faturamento (R$ em Milhões) | 80,Objetivo 2: R4b_Plano anual de vendas por vertical e alinhado ao plano de negócios e com o parceiro,"Identificar/disponibilizar os serviços mais rentáveis e viáveis de comercialização alinhado com as estratégias do governo
",05,DIRC,UGVEN,31/10/2024,Serviços rentáveis e viáveis disponibilizados,10%,10%,10%,,Em execução,100% dos serviços prestados com contrato assinado
"Objetivo 4: Incentivar uma transformação cultural motivando as pessoas para colaboração, inovação e foco em resultados | Percentual de pessoas com 100% de seu PDI executado | 70%",Objetivo 4 R1_Aperfeiçoar o processo de elaboração e monitoramento do PDI. ,Realizar no mínimo 6 treinamentos no ano para a equipe,06,DIRC,UGVEN,29/11/2024,Reuniões e treinamentos realizados,"0,00","3,00",3,,Em execução,"Realizar no mínimo 6 treinamentos no ano para a equipe
Promover 4 reuniões individuais com colaboradores da equipe"
,,,,,,,,,,,,,
Objetivo 1: Elevar o nível de satisfação do cliente e de imagem institucional | Nível de satisfação do cliente com as soluções(1) de TIC entregues | 70%,"Objetivo 1: R3_Aperfeiçoar a gestão na área técnica com adoção intensiva de práticas ágeis, gestão de projetos, gestão de capacidades",Realizar 03 Parcerias estratégicas,01,DIRC,UGENP_GPIN,30/12/2024,Nº de parcerias realizadas,0,1,3,0,Concluída,MTI NOW;                                     MTI DEV SEC-Gov;      MTI.IA;                                MTI DATA SECURITY
Objetivo 1: Elevar o nível de satisfação do cliente e de imagem institucional | Nível de satisfação do cliente com as soluções(1) de TIC entregues | 70%,"Objetivo 1: R3_Aperfeiçoar a gestão na área técnica com adoção intensiva de práticas ágeis, gestão de projetos, gestão de capacidades",Fomentar 01 parceria com startups,02,DIRC,UGENP_GPIN,30/12/2024,Nº de startups fomentadas,0,0,1,0,Concluída,HLABS - Hyper Reports
"Objetivo 1: Elevar o nível de satisfação do cliente e de imagem institucional | Índice de satisfação | 8,3","Objetivo 1: R3_Aperfeiçoar a gestão na área técnica com adoção intensiva de práticas ágeis, gestão de projetos, gestão de capacidades","Inscrição em 03 prêmios de governo digital, anualmente",03,DIRC,UGENP_GPIN,30/12/2024,Nº de prêmios inscritos,0,2,0,0,Em execução,SECOP / RJ e CONIP
Objetivo 2: Elevar a receita de faturamento | Valor do Faturamento (R$ em Milhões) | 80,Objetivo 2: R4a_Monitorar a execução de todo o processo das parcerias estratégicas em conjunto com os parceiros,"Monitorar as atividades externas com os parceiros, anualmente (plano anual de parceria)",04,DIRC,UGENP_GPIN,30/12/2024,Relatório das atividades externas das parcerias estratégicas,0,0,2,0,Concluída,MINDSEC - -SP    SECOP-RJ
Objetivo 2: Elevar a receita de faturamento | Valor do Faturamento (R$ em Milhões) | 80,Objetivo 2: R3_Aperfeiçoar o modelo de contratação dos serviços da MTI ,"Patrocinar 02 eventos de inovação, anualmente",05,DIRC,UGENP,30/12/2024,Nº de eventos patrocinados,0,0,1,1,Em execução,SIMT 2024 / CONED 2024 (Conse. Nac. dos Secretários Educação)
Objetivo 2: Elevar a receita de faturamento | Valor do Faturamento (R$ em Milhões) | 80,N.S.A.,01 Relatório anual de Novos Negócios para MTI,06,DIRC,UGENP,30/12/2024,Relatórios de prospecção de Novos Negócios no mercado,0,0,0,,Em execução,
"Objetivo 4: Incentivar uma transformação cultural motivando as pessoas para colaboração, inovação e foco em resultados | Percentual de pessoas com 100% de seu PDI executado | 70%",Objetivo 4 R3_Avaliar os resultados efetivos do atual método adotado visando o foco em resultados,"Participar  em 02 eventos de tecnologia, inovação e divulgar produtos da MTI",07,DIRC,UGENP_GPIN,30/12/2024,Nº de eventos participados,1,0,1,0,Concluída,SECOP / RJ e CONIP
"Objetivo 4: Incentivar uma transformação cultural motivando as pessoas para colaboração, inovação e foco em resultados | Percentual de pessoas com 100% de seu PDI executado | 70%",Objetivo 4 R2_Manter gestão à vista com visões gerenciais ,Registrar novas ideias / inovação,08,DIRC,UGENP,30/12/2024,Nº de ideias recebidas nos canais de comunicação da MTI,0,0,1,0,Em execução,MTI TRAINEE
Objetivo 3: Melhorar a qualidade das entregas | Grau de maturidade de governança e gestão | Estágio1 68%,Objetivo 3 R4_Sensibilização/motivação das equipes,Realizar 12 Palestras (Tech Talk e Café Tech),09,DIRC,UGENP_GPIN,30/12/2024,Nº de Tech Talk e Café Tech realizados,1,3,2,1,Em execução,
,,,,,,,,,,,,,
"Objetivo 1: Elevar o nível de satisfação do cliente e de imagem institucional | Índice de satisfação | 8,3",N.S.A.,Realizar 24 visitas presenciais aos clientes;,01,DIRC,UGEPV,30/12/2024,n de eventos realizados,20,74,74,,Em execução,
Objetivo 3: Melhorar a qualidade das entregas | Grau de maturidade de governança e gestão | Estágio1 68%,N.S.A.,Realizar 24 agendas por videoconferencia para acompanhamento da satisfação do cliente quanto as entregas realizadas,02,DIRC,UGEPV,30/12/2024,n de eventos realizados,16,50,40,,Em execução,
"Objetivo 4: Incentivar uma transformação cultural motivando as pessoas para colaboração, inovação e foco em resultados | Percentual de pessoas com 100% de seu PDI executado | 70%",Objetivo 4 R3_Avaliar os resultados efetivos do atual método adotado visando o foco em resultados,Realização de 04 apresentações internas acerca do conceito sucesso do cliente,03,DIRC,UGEPV,30/12/2024,n de eventos realizados,0,0,0,,Planejada,
"Objetivo 1: Elevar o nível de satisfação do cliente e de imagem institucional | Índice de satisfação | 8,3",N.S.A.,Realização de 08 eventos direcionados aos interesses e necessidades  dos clientes,04,DIRC,UGEPV,30/12/0204,n de eventos realizados,0,2,1,,Em execução,
,,,,,,,,,,,,,
"Objetivo 3: Melhorar a qualidade das entregas | Índice de disponibilidade das soluções de TIC | 99,80%",Objetivo 3 R4_Sensibilização/motivação das equipes,Capacitação da area demante na instrução processual,01,DAFI,UGACO_GAQS,29/02/2024,Total de unidades adminsitrativas  capacitadas,em execução,Realizado interação entre as Equipes GCTO e GAQS incentivando os resultados alcançados,Realizado interação entre as Equipes GCTO e GAQS incentivando os resultados alcançados,,Em execução,
"Objetivo 3: Melhorar a qualidade das entregas | Índice de disponibilidade das soluções de TIC | 99,80%",N.S.A.,Compartilhamento dos Checklist disponiveis,02,DAFI,UGACO,01/07/2024,numero de cheklist compartilhado,em execução,"Documentos atualizados e disponiveis na Pasta ""Escritorio de Processos"" na rede interna da MTI","Documentos atualizados e disponiveis na Pasta ""Escritorio de Processos"" na rede interna da MTI",,Concluída,
"Objetivo 3: Melhorar a qualidade das entregas | Índice de disponibilidade das soluções de TIC | 99,80%",N.S.A.,Atualização dos Checklist de instrução processual,03,DAFI,UGACO_GCTO,01/07/2024,numero de cheklist atualizados,em execução,Checklist atualizado e disponibilizado,Checklist atualizado e disponibilizado,,Concluída,
"Objetivo 3: Melhorar a qualidade das entregas | Índice de disponibilidade das soluções de TIC | 99,80%",N.S.A.,Atualização dos Checklist de instrução processual,04,DAFI,UGACO_GAQS,01/07/2024,numero de cheklist atualizados,em execução,Checklist atualizado e disponibilizado,Checklist atualizado e disponibilizado,,Concluída,
"Objetivo 3: Melhorar a qualidade das entregas | Índice de disponibilidade das soluções de TIC | 99,80%",N.S.A.,"Definição da Prioridades processuais e divulgação da interferencias externas (Condes, Seplag e PGE)",05,DAFI,UGACO,29/02/2024,numero de processos da MTI,em execução,"Monitorado pela reunião semanal de ""Cronograma da Aquisições""","Monitorado pela reunião semanal de ""Cronograma da Aquisições""",,Em execução,
"Objetivo 3: Melhorar a qualidade das entregas | Índice de disponibilidade das soluções de TIC | 99,80%",N.S.A.,Atualizar o mapeamento dos processos de aquisição e mapear as modalidades ainda não mapeadas,06,DAFI,UGACO_GAQS,29/02/2024,apresentar o fluxo elaborado,em execução,Mapeamento Atualizado,Mapeamento Atualizado,,Concluída,
"Objetivo 3: Melhorar a qualidade das entregas | Índice de disponibilidade das soluções de TIC | 99,80%",N.S.A.,Elaborar o mapeamento dos processos de contratos e os termos aditvos /apostilamento/rescição,07,DAFI,UGACO_GCTO,31/03/2024,apresentar o fluxo elaborado,em execução,Mapeamentos concluidos,Mapeamentos concluidos,,Concluída,
"Objetivo 3: Melhorar a qualidade das entregas | Índice de disponibilidade das soluções de TIC | 99,80%",N.S.A.,Padronização das minutas de editais,08,DAFI,UGACO_GAQS,31/03/2024,apresentar as  minutas,em execução,Minuta de edital padronizado e validado pelo juridico,MInutas padronizadas e validadas pelo juridico,,Concluída,
"Objetivo 3: Melhorar a qualidade das entregas | Índice de disponibilidade das soluções de TIC | 99,80%",N.S.A.,"Padronização das minutas de contratos , aditivos e apostilamento",09,DAFI,UGACO_GCTO,31/03/2024,apresentar as  minutas,em execução,MInutas padronizadas e validadas pelo juridico,MInutas padronizadas e validadas pelo juridico,,Concluída,
"Objetivo 3: Melhorar a qualidade das entregas | Índice de disponibilidade das soluções de TIC | 99,80%",Objetivo 3 R2_Aperfeiçoar o plano anual de contratação (com prioridades para assuntos críticos de continuidade de negócio),Licitações dentro do prazo estabelecido no Plano Anual de Aquisições,10,DAFI,UGACO,31/12/2024,Numero de Licitações ocorridas no prazo,em execução,"Monitorado pela reunião semanal de ""Cronograma da Aquisições""","Monitorado pela reunião semanal de ""Cronograma da Aquisições""",,Em execução,
,,,,,,,,,,,,,
"Objetivo 3: Melhorar a qualidade das entregas | Índice de disponibilidade das soluções de TIC | 99,80%",Objetivo 3 R4_Sensibilização/motivação das equipes,PROPOR A POLITICA DE GESTÃO DE PESSOAS,01,DAFI,UGPES,30/06/2024,POLITICA ELABORADA,"
0% DE EXECUÇÃO

Priorizada para ser realizada até  31/12/2025
","
0% DE EXECUÇÃO

Priorizada para ser realizada até  31/12/2025
","
50% DE EXECUÇÃO


Os documentos estão sendo escrito por etapas.


A mioria estão publicados na  INTRANET aba Gestão de Pessoas

INTRANET



","
50% DE EXECUÇÃO

MINUTA DA POLITICA DE GESTÃO DE PESSOAS

A minuta da Política de Gestão de Pessoas está elaborada, porém precisa de alguns ajustes e, posteriormente, enviada à DIREX para aprovação. Após essa etapa, deverá ser submetida à apreciação e aprovação do Conselho de Administração da MTI.



",Em execução,"META PARA 2024
50%"
"Objetivo 3: Melhorar a qualidade das entregas | Índice de disponibilidade das soluções de TIC | 99,80%",Objetivo 3 R4_Sensibilização/motivação das equipes,PROPOR O NOVO REGULAMENTO DE AVALIAÇÃO DE DESEMPENHO,02,DAFI,UGPES,30/06/2024,REGULAMENTO DE AVALIAÇÃO DE DESEMPENHO ELABORADO,"0% DE EXECUÇÃO


Priorizada para ser realizada até  31/12/2025","0% DE EXECUÇÃO


Priorizada para ser realizada até  31/12/2025","0% DE EXECUÇÃO


Priorizada para ser realizada até  31/12/2025","99% DE EXECUÇÃO


O documento foi elaborado pela Unidade de Gestão de Pessoas e esta aguardando validação da SEPLAG para posterior apresentação em DIREX 


IN15- MINUTA DA IN DE AVALIAÇÃO DE DESEMPENHO MTI IIN 15.docx",Em execução,"META PARA 2024
100%



"
"Objetivo 4: Incentivar uma transformação cultural motivando as pessoas para colaboração, inovação e foco em resultados | Percentual de pessoas com 100% de seu PDI executado | 70%",N.S.A.,REVISAR O PROGRAMA DE DESENVOLVIMENTO DE GESTÃO POR COMPETÊNCIAS,03,DAFI,UGPES,31/07/2024,PROGRAMA  DE GESTÃO POR COMPETÊNCIAS REVISADO,"0% DE EXECUÇÃO


Priorizada para ser realizada até  31/12/2024","0% DE EXECUÇÃO


Priorizada para ser realizada até  31/12/2024","30% DE EXECUÇÃO


Priorizada para ser realizada até  31/12/2024","

100% DE EXECUÇÃO


Priorizada para ser realizada até   31/12/2024

",Concluída,"META PARA 2024
100%"
"Objetivo 3: Melhorar a qualidade das entregas | Índice de disponibilidade das soluções de TIC | 99,80%",N.S.A.,CONCLUIR O MAPEAMENTO DOS PROCESSOS E REVISAR OS JÁ MAPEADOS,04,DAFI,UGPES_GACD,31/12/2024,MAPEAMENTO E REVISÃO  DE PROCESSOS REALIZADOS,"00% DE EXECUÇÃO

(Previsão são 11 processos para 2024)

1 - POP Escala de Férias / PMP Escala de Férias
2 - POP Cadastro de atestado médico
3 - POP Bloqueio de Acessos AD e E-mail
4 - POP Entrada de Notas Fiscais no Sistema SIAG C
5 - POP Elaborar Termo de Cessão
6 - POP Progressão Funcional de Classe
7 - POP Progressão de Referência Vertical por Antiguidade
8 - POP Progressão de Referência Vertical por Merecimento
9 - PMP Manual de orientação TCE – Concursos e Processos Seletivos
10 - PMP - Gerenciar Plano de Saúde Médico, Hospitalar e Odontológico
11 - PMP - Folha de Pagamento Processada




","50% DE EXECUÇÃO

(Previsão são 11 processos para 2024)

1 - POP Escala de Férias / PMP Escala de Férias
2 - POP Cadastro de atestado médico
3 - POP Bloqueio de Acessos AD e E-mail
4 - POP Entrada de Notas Fiscais no Sistema SIAG C
5 - POP Elaborar Termo de Cessão
6 - POP Progressão Funcional de Classe
7 - POP Progressão de Referência Vertical por Antiguidade
8 - POP Progressão de Referência Vertical por Merecimento
9 - PMP Manual de orientação TCE – Concursos e Processos Seletivos
10 - PMP - Gerenciar Plano de Saúde Médico, Hospitalar e Odontológico
11 - PMP - Folha de Pagamento Processada




","

50% DE EXECUÇÃO

(Previsão são 11 processos para 2024)

1 - POP Escala de Férias / PMP Escala de Férias
2 - POP Cadastro de atestado médico
3 - POP Bloqueio de Acessos AD e E-mail
4 - POP Entrada de Notas Fiscais no Sistema SIAG C
5 - POP Elaborar Termo de Cessão
6 - POP Progressão Funcional de Classe
7 - POP Progressão de Referência Vertical por Antiguidade
8 - POP Progressão de Referência Vertical por Merecimento
9 - PMP Manual de orientação TCE – Concursos e Processos Seletivos
10 - PMP - Gerenciar Plano de Saúde Médico, Hospitalar e Odontológico
11 - PMP - Folha de Pagamento Processada




","


100% DE EXECUÇÃO

 11 PROCESSOS MAPEADOS

1 - POP Escala de Férias / PMP Escala de Férias
2 - POP Cadastro de atestado médico
3 - POP Bloqueio de Acessos AD e E-mail
4 - POP Entrada de Notas Fiscais no Sistema SIAG C
5 - POP Elaborar Termo de Cessão
6 - POP Progressão Funcional de Classe
7 - POP Progressão de Referência Vertical por Antiguidade
8 - POP Progressão de Referência Vertical por Merecimento
9 - PMP Manual de orientação TCE – Concursos e Processos Seletivos
10 - PMP - Gerenciar Plano de Saúde Médico, Hospitalar e Odontológico
11 - PMP - Folha de Pagamento Processada




",Concluída,"META PARA 2024  100%
11 PROCESSOS MAPEADOS"
"Objetivo 3: Melhorar a qualidade das entregas | Índice de disponibilidade das soluções de TIC | 99,80%",N.S.A.,ELABORAR CHECK LIST PARA INSTRUÇÃO DOS PROCESSOS DE PAGAMENTO,05,DAFI,UGPES_GACD,31/12/2024,CHECK LIST ELABORADO,"
0% DE EXECUÇÃO
Priorizada para ser realizada até 31/12/2024
1) POP pagameto ELOFY
2) POP universidade Patataivas e Super estágios
3) Lua Serviços","
0% DE EXECUÇÃO
Priorizada para ser realizada até 31/12/2024
1) POP pagameto ELOFY
2) POP universidade Patataivas e Super estágios
3) Lua Serviços","
0% DE EXECUÇÃO
Priorizada para ser realizada até 31/12/2024
1) POP pagameto ELOFY
2) POP universidade Patataivas e Super estágios
3) Lua Serviços","
100% DE EXECUÇÃO
Priorizada para ser realizada até 31/12/2024
1) POP pagamento ELOFY
2) POP universidade Patativas e Super estágios
3) Lua Serviços",Concluída,"META PARA 2024
100%"
"Objetivo 3: Melhorar a qualidade das entregas | Índice de disponibilidade das soluções de TIC | 99,80%",Objetivo 3 R4_Sensibilização/motivação das equipes,EXECUTAR PROGRAMA DE INTEGRAÇÃO PARA NOVOS COLABORADORES,06,DAFI,UGPES_GACD,31/12/2024,PROGRAMA DE INTREGRAÇÃO EXECUTADO,"0% DE EXECUÇÃO

Priorizada para ser realizada até 31/12/2024","0% DE EXECUÇÃO

Priorizada para ser realizada até 31/12/2024","0% DE EXECUÇÃO

Priorizada para ser realizada até 31/12/2024","100% DE EXECUÇÃO

Realização da Integração  ",Concluída,"META PARA 2024
100%"
"Objetivo 1: Elevar o nível de satisfação do cliente e de imagem institucional | Índice de satisfação | 8,3",Objetivo 3 R4_Sensibilização/motivação das equipes,EXECUTAR O PROGRAMA DE QUALIDADE DE VIDA,07,DAFI,UGPES_GACD,31/12/2024,PROGRAMA DE QUALIDADE DE VIDA EXECUTADO,"50% DE EXECUÇÃO

""Qualidade de Vida""



AbriL
Abril Verde - Informativos durante a semana sobre o tema
Conscientização sobre o autismo - Ginástica laboral com os balões verde e azul
Projeto Vida Saudável - SEPLAG - Exame de bioimpedância
Mais Cabello - Avaliação e Massagem Capilar


Maio
Alerta para doenças inflamatórias intestinais - Ginástica laboral com os balões amarelo e roxo
Projeto Vida Saudável - SEPLAG - Exame de bioimpedância
UPGRADE DA SAÚDE - Aferição de Pressão Arterial e Teste Glicêmico
Mais Cabello - Avaliação e Massagem Capilar
Comemoração do dia das Mães - coffee break e palestra - A importância da auto valorização da Mulher e Mãe

junho
almoço junino e laboral coletiva tema junino
Campanha Junho VERMELHO (doação de sangue)
Projeto Vida Saudável - SEPLAG - Exame de bioimpedância
UPGRADE DA SAÚDE - Aferição de Pressão Arterial e Teste Glicêmico""

",#REF!,"75% DE EXECUÇÃO
""Qualidade de Vida""




Julho
Contatos com entidades/órgãos para realização de convênios
Atualização calendário de ações de 2024
Atualização cronograma de palestrantes e realização do Momento de Espiritualidade
Realização do Upgrade da Saúde (Bioimpedância Seplag e Ginástica Laboral ( Setores e Coletiva)
Orientações Credenciamento Sesc
Encaminhamento para os colaboradores para autorização e foto Tempo de Serviço
Relação de aniversariantes de Julho (ASSCOM – DAFI – DTIC)
Relação de Tempo de Serviço Julho (ASSCOM)
Atualização Quem é Quem (ASSCOM)
Divulgação/Boas Vindas Novos colaboradores (ASSCOM)

Agosto
Contatos com novas entidades/órgãos para realização de convênios
Atualização cronograma de palestrantes e realização do Momento de Espiritualidade
Realização do Upgrade da Saúde (Bioimpedância Seplag e Ginástica Laboral ( Setores e Coletiva)
Orientações Credenciamento Sesc
Encaminhamento para os colaboradores para autorização e foto Tempo de Serviço
Relação de aniversariantes de agosto (ASSCOM – DAFI – DTIC)
Relação de Tempo de Serviço Agosto (ASSCOM)
Atualização Quem é Quem (ASSCOM)
Realização evento em comemoração ao dia dos PAIS
Participação na Elaboração do Programa de Sustentabilidade MTI - MTIGreen -
Divulgação/Boas Vindas Novos colaboradores (ASSCOM)

setembro
Contatos com novas entidades/órgãos para realização de convênios Atualização cronograma de palestrantes e realização do Momento de Espiritualidade Realização do Upgrade da Saúde (Bioimpedância Seplag e Ginástica Laboral ( Setores e Coletiva) Encaminhamento para os colaboradores para autorização e foto Tempo de Serviço Relação de aniversariantes de Setembro (ASSCOM – DAFI – DTIC) Relação de Tempo de Serviço Setembro (ASSCOM) Atualização Quem é Quem (ASSCOM) Realização evento em comemoração ao dia dos PAIS Participação na Elaboração do Programa de Sustentabilidade MTI - MTIGreen - Realização da 3a. Semana da Integridade Realização da roda de conversa: Setembro amarelo: Nenhuma tempestade dura para sempre.","
91,66% DE EXECUÇÃO

""Qualidade de Vida""



Outubro
Contatos com novas entidades/órgãos para realização de convênios
Atualização cronograma de palestrantes e realização do Momento de Espiritualidade
Realização do Upgrade da Saúde (Bioimpedância Seplag e Ginástica Laboral ( Setores e Coletiva)
Orientações Credenciamento Sesc
Encaminhamento para os colaboradores para autorização e foto Tempo de Serviço
Relação de aniversariantes de outubro (ASSCOM – DAFI – DTIC)
Relação de Tempo de Serviço Outubro (ASSCOM)
Atualização Quem é Quem (ASSCOM)
Realização evento Outubro Rosa - palestra sobre o tema
Participação na Elaboração do Programa de Sustentabilidade MTI - MTIGreen -
Divulgação/Boas Vindas Novos colaboradores (ASSCOM)
Participação da reunião comissão A3P
Abertura de convênio com escolas particulares


Novembro/2024
Palestra: Novembro azul - 62 participantes
UPgrade Saúde, ginástica laboral:142
Assistente Social: 01
02 Convênios: Escola Farina e Colégio Master
Momento de espiritualidade
Relação de aniversariantes de Novembro (ASSCOM – DAFI – DTI)
Atendimento psicológico: 04
Atualização Quem é Quem (ASSCOM)
Cronograma Ações/Datas Comemorativas MTI 2025
Cronograma Momento de Espiritualidade 2025
Cronograma Projeto Vida Saudável 2025 Seplag (Exame Bioimpedância)
Cronograma Posto Itinerante MT Saúde 2025",Em execução,"META PARA 2024
100%"
"Objetivo 4: Incentivar uma transformação cultural motivando as pessoas para colaboração, inovação e foco em resultados | Percentual de pessoas com 100% de seu PDI executado | 70%",Objetivo 3 R4_Sensibilização/motivação das equipes,EXECUTAR  O PLANO DE CAPACITAÇÃO 2024 (anual),08,DAFI,UGPES_GACD,31/12/2024,PLANO DE CAPACITAÇÃO EXECUTADO ,"
PLANO DE CAPACITAÇÃO
EM EXECUÇÃO


O Plano de Capacitação de 2024 foi apresentado em DIREX e já foi liberado para áreas demandantes o início de sua TRs

ABRIL
Foundations of Incident Management e Advanced Topics in Incident Handling,

MAIO
Governo Digital
Formação em Métricas de Fluxo
Cursos Técnicas de Negociação, Liderança e Gestão de Vendas, Liderança e Coach, Roteirização de vendas e entregas
Seminário das Estatais
JUNHO
ORATÓRIA-COMUNICAÇÃO EFICAZ com TÉCNICAS DE PNL
AUTORESPONSABILIDADE E SUCESSO-PROMOVENDO ATITUDES PROATIVAS com TEAL",#REF!,"
PLANO DE CAPACITAÇÃO
EM EXECUÇÃO
O Plano de Capacitação de 2024 foi apresentado em DIREX e já foi liberado para áreas demandantes o início de sua TRs

JULHO
Congresso Matogrossense de Gestão de Pessoas
NO TOUR PODER E ALTA PERFORMANCE
AGOSTO
Evento Agile Trends GOV 2024, a ser realizado entre os dias 19 e 22 de Agosto de 2024, modalidade presencial.
Curso On Demand + Exame da CTFL
Certified ScrumMaster® CSM, 10(dez) vagas - Advanced Certified Scrum Master® A-CSM, 04 (quatro) vagas - Certified Scrum Product Owner® CSPO, 10 (dez) vagas - Advanced Certified Scrum Product Owner® A-CSPO, 03 (três) vagas
ITIL V4 FOUNDATION E PRACTITIONER
7º Encontro Nacional das Estatais.
SETEMBRO","PLANO DE CAPACITAÇÃO
97,93% DE EXECUÇÃO DO PLANO DE CAPACITAÇÃO APROVADO
O Plano de Capacitação de 2024 foi apresentado em DIREX e já foi liberado para áreas demandantes o início de sua TRs

OUTUBRO
AGILE BRAZIL 2024”
CONTRATAÇÃO DE Plataforma online de treinamentos com foco em infraestrutura de TI.
CURSO GESTÃO ESTRATÉGICA DE CUSTOS
INTELIGÊNCIA EMOCIONAL,
NOVEMBRO
COMUNICAÇÃO PLENA, ",Em execução,INDICADORES DE CAPACITAÇÃO
"Objetivo 3: Melhorar a qualidade das entregas | Índice de disponibilidade das soluções de TIC | 99,80%",Objetivo 4 R1_Aperfeiçoar o processo de elaboração e monitoramento do PDI. ,MONITORAR A EXECUÇÃO DOS PDIs 2023/2024,09,DAFI,UGPES_GACD,31/12/2024,PDIs EXECUTADOS,"
META ALCANÇADA ATÉ 30/03/2024 
1,75% 

Do Montante de 171 Servidores avaliados no Programa Gestão Por Competências 2023/2024: 

82  Servidores estão sem PDI

89 Servidores  estão com os   PDIs Elaborados  
38 Servidores com os PDIs com iniciativas atrasadas 
48 Servidores com os PDIs em andamento e 
 3 Servidores com os PDIs concluidos de janeiro a março (acumulado)

PDIs concluidos no mês 03/2024 = 1 colaborador



","

META ALCANÇADA ATÉ 30/03/2024 
19,29% 


Do Montante de 171 Servidores avaliados no Programa Gestão Por Competências 2023/2024: 

44 Servidores estão sem PDI

127 Servidores com os PDIs Elaborados 
  20 Servidores com os PDIs incorretos sem  iniciativa    
 18  Servidores com os PDIs com iniciativas atrasadas 
 56  Servidores com os PDIs em andamento e 
33  Servidores com os PDIs concluidos de janeiro a junho (acumulado)

PDIs concluidos no mês 06/2024 =25 colaboradores


","

META ALCANÇADA ATÉ 30/03/2024 
67,83% 


Do Montante de 171 Servidores avaliados no Programa Gestão Por Competências 2023/2024: 


171 Servidores com os PDIs Elaborados
122 Servidores com os PDIs concluidos de janeiro a outubro (acumulado)
  21 Servidores com os PDIs em andamento 
  01 Servidores com os PDIs com iniciativas Cadastradas
  27 Servidores com os PDIs incorretos sem iniciativa (criaram PDI, mas não fizeram nenhuma ação)
 
 
PDIs concluidos no mês 10/2024 = 07 colaboradores

OUTUBRO-2024
"," 
META ALCANÇADA ATÉ 30/11/2024 
87,72%

Do Montante de 171 Servidores avaliados no Programa Gestão Por Competências 2023/2024: 


171 Servidores com os PDIs Elaborados
149 Servidores com os PDIs concluidos de janeiro a outubro (acumulado)
007 Servidores com os PDIs em andamento 
001 Servidores com os PDIs com iniciativas Cadastradas
014 Servidores com os PDIs incorretos sem iniciativa (criaram PDI, mas não fizeram nenhuma ação)
 
 
PDIs concluidos no mês 11/2024 = 27 colaboradores


PDI - NOVEMBRO/2024",Concluída,"META PARA 2024
70%"
"Objetivo 4: Incentivar uma transformação cultural motivando as pessoas para colaboração, inovação e foco em resultados | Percentual de pessoas com 100% de seu PDI executado | 70%",Objetivo 3 R4_Sensibilização/motivação das equipes,REALIZAR  A AVALIAÇÃO DE DESEMPENHO (REGULAMENTO DE AVALIAÇÃO DE DESEMPENHO-VIGENTE),10,DAFI,UGPES_GACD,30/09/2024,AVALIAÇÃO DE DESEMPENHO REALIZADA,"
0% DE EXECUÇÃO

Realização somente em setembro 2024, conforme PCCS vigente","
0% DE EXECUÇÃO

Realização somente em setembro 2024, conforme PCCS vigente","
100% DE EXECUÇÃO
Avaliação de Desempenho  realizada no mês 09/2024 e publicada na INTRANET e no DO","
100% DE EXECUÇÃO
Avaliação de Desempenho  realizada no mês 09/2024 e publicada na INTRANET e no DO",Concluída,"META PARA 2024
100%"
"Objetivo 1: Elevar o nível de satisfação do cliente e de imagem institucional | Índice de satisfação | 8,3",N.S.A.,REALIZAR PROCESSO SELETIVO PARA CONTRATAÇÃO DE JOVENS APRENDIZES,11,DAFI,UGPES_GACD,30/11/2024,PROCESSO SELETIVO REALIZADO,"
0% DE EXECUÇÃO
Priorizada para ser realizada até fevereiro 2025","
0% DE EXECUÇÃO
Priorizada para ser realizada até fevereiro 2025","
10% DE EXECUÇÃO
1) Publicação da Portaria - Comissão
 Priorizada para ser realizada até Fevereiro 2025","
50% DE EXECUÇÃO
1) Publicação da Portaria - Comissão
 Priorizada para ser realizada  até fevereiro/2025 considerando que aulas/curs no SENAC começam somente em março 2025 ",Em execução,"META PARA 2024
50%"
"Objetivo 1: Elevar o nível de satisfação do cliente e de imagem institucional | Índice de satisfação | 8,3",N.S.A.,"MANTER  OS CONTRATOS COM FORNECEDORES ATIVOS (Sodexo, Ifood, Caju, Volus, Elofy, Universidade Patativas, Super Estágios, Equipe Assistencia e Lua Serviços)  ",12,DAFI,UGPES_GACD,31/12/2024,CONTRATOS COM FORNECEDORES MANTIDOS,"""
00% DE EXECUÇÃO

1) CRED 001/2023/MTI        PLUXEE  

2) CRED 002/2023/MTI        IFOOD  
 
3) CRED 003/2023/MTI  -  (CAJU) 

4) CRED 004/2023/MTI        VÓLUS

5) Contrato Equipe 


6) Contrato Universidade Patativas 

7) Contrato Super Estágios  

8) Contrato Elofy


9) Analista / Recepcionistas e Porteiros 



ACOMPANHAMENTO DE PROCESSOS","""
44,44% DE EXECUÇÃO

1) CRED 001/2023/MTI        PLUXEE  

2) CRED 002/2023/MTI        IFOOD  
 
3) CRED 003/2023/MTI  -  (CAJU) 

4) CRED 004/2023/MTI        VÓLUS

5) Contrato Equipe 


6) Contrato Universidade Patativas 

7) Contrato Super Estágios  

8) Contrato Elofy


9) Analista / Recepcionistas e Porteiros 

(Previsão são 7 processos  para 2025 

ACOMPANHAMENTO DE PROCESSOS","77,77 % DE EXECUÇÃO

1) CRED 001/2023/MTI        PLUXEE  

2) CRED 002/2023/MTI        IFOOD  
 
3) CRED 003/2023/MTI  -  (CAJU) 

4) CRED 004/2023/MTI        VÓLUS

5) Contrato Equipe 


6) Contrato Universidade Patativas 

7) Contrato Super Estágios  

8) Contrato Elofy


9) Analista / Recepcionistas e Porteiros 

(Previsão são 7 processos  para 2025 e que já foram instruidos e estão em outras Unidades para os devidos andamento)

ACOMPANHAMENTO DE PROCESSOS
","
100% DE EXECUÇÃO

1) CRED 001/2023/MTI        PLUXEE  

2) CRED 002/2023/MTI        IFOOD  
 
3) CRED 003/2023/MTI  -  (CAJU) 

4) CRED 004/2023/MTI        VÓLUS

5) Contrato Equipe 


6) Contrato Universidade Patativas 

7) Contrato Super Estágios  

8) Contrato Elofy


9) Analista / Recepcionistas e Porteiros 

(Previsão são 7 processos  para 2025 e que já foram instruidos e estão em outras Unidades para os devidos andamento)

ACOMPANHAMENTO DE PROCESSOS
",Concluída,"META PARA 2024 100%
7 PROCESSOS"
"Objetivo 3: Melhorar a qualidade das entregas | Índice de disponibilidade das soluções de TIC | 99,80%",N.S.A.,CONCLUIR O MAPEAMENTO DOS PROCESSOS E REVISAR OS JÁ MAPEADOS,13,DAFI,UGPES_GPMM,31/12/2024,MAPEAMENTO E REVISÃO DE PROCESSOS REALIZADOS,"00% DE EXECUÇÃO

1 - POP Escala de Férias 
2 - POP Cadastro de atestado médico
3 - POP Bloqueio de Acessos AD e E-mail
4 - POP Entrada de Notas Fiscais no Sistema SIAG C
5 - POP Elaborar Termo de Cessão
6 - POP Progressão Funcional de Classe
7 - POPProgressão de Referência
8 - PMP Manual de orientação TCE – Concursos e Processos Seletivos
9 - PMP Escala de Férias
10 - PMP - Gerenciar Plano de Saúde Médico, Hospitalar e Odontológico
11 - PMP - Folha de Pagamento Processada

(Previsão são 11 processos para 2024)","
50% DE EXECUÇÃO

1 - POP Escala de Férias 
2 - POP Cadastro de atestado médico
3 - POP Bloqueio de Acessos AD e E-mail
4 - POP Entrada de Notas Fiscais no Sistema SIAG C
5 - POP Elaborar Termo de Cessão
6 - POP Progressão Funcional de Classe
7 - POPProgressão de Referência
8 - PMP Manual de orientação TCE – Concursos e Processos Seletivos
9 - PMP Escala de Férias
10 - PMP - Gerenciar Plano de Saúde Médico, Hospitalar e Odontológico
11 - PMP - Folha de Pagamento Processada

(Previsão são 11 processos para 2024)","
60% DE EXECUÇÃO

1 - POP Escala de Férias 
2 - POP Cadastro de atestado médico
3 - POP Bloqueio de Acessos AD e E-mail
4 - POP Entrada de Notas Fiscais no Sistema SIAG C
5 - POP Elaborar Termo de Cessão
6 - POP Progressão Funcional de Classe
7 - POPProgressão de Referência
8 - PMP Manual de orientação TCE – Concursos e Processos Seletivos
9 - PMP Escala de Férias
10 - PMP - Gerenciar Plano de Saúde Médico, Hospitalar e Odontológico
11 - PMP - Folha de Pagamento Processada

(Previsão são 11 processos para 2024)","
100% DE EXECUÇÃO

1 - POP Escala de Férias 
2 - POP Cadastro de atestado médico
3 - POP Bloqueio de Acessos AD e E-mail
4 - POP Entrada de Notas Fiscais no Sistema SIAG C
5 - POP Elaborar Termo de Cessão
6 - POP Progressão Funcional de Classe
7 - POPProgressão de Referência
8 - PMP Manual de orientação TCE – Concursos e Processos Seletivos
9 - PMP Escala de Férias
10 - PMP - Gerenciar Plano de Saúde Médico, Hospitalar e Odontológico
11 - PMP - Folha de Pagamento Processada

(Previsão são 11 processos para 2024)",Concluída,"META PARA 2024
100%"
"Objetivo 3: Melhorar a qualidade das entregas | Índice de disponibilidade das soluções de TIC | 99,80%",N.S.A.,ELABORAR CHECK LIST PARA INSTRUÇÃO DOS PROCESSOS DE PAGAMENTO,14,DAFI,UGPES_GPMM,31/12/2024,CHECK LIST ELABORADO,"00% DE EXECUÇÃO

Priorizada para ser realizada até 31/12/2024
1) Alimentação/ Refeição
a) Pluxee
b) Vôlus
c) Caju
d) IFOOD
2) Euipe
3) Uniodonto
4) Vale Tranporte
5) Unimed Mensalidade
a) 2400
b) 2839
c) 5060
d) 7890
6) Unimed Farmácia
a) 2400
b) 2839
c) 5060
d) 7890

","30% DE EXECUÇÃO

Priorizada para ser realizada até 31/12/2024
1) Alimentação/ Refeição
a) Pluxee
b) Vôlus
c) Caju
d) IFOOD
2) Euipe
3) Uniodonto
4) Vale Tranporte
5) Unimed Mensalidade
a) 2400
b) 2839
c) 5060
d) 7890
6) Unimed Farmácia
a) 2400
b) 2839
c) 5060
d) 7890

","60% DE EXECUÇÃO

Priorizada para ser realizada até 31/12/2024
1) Alimentação/ Refeição
a) Pluxee
b) Vôlus
c) Caju
d) IFOOD
2) Euipe
3) Uniodonto
4) Vale Tranporte
5) Unimed Mensalidade
a) 2400
b) 2839
c) 5060
d) 7890
6) Unimed Farmácia
a) 2400
b) 2839
c) 5060
d) 7890

","100% DE EXECUÇÃO

Priorizada para ser realizada até 31/12/2024
1) Alimentação/ Refeição
a) Pluxee
b) Vôlus
c) Caju
d) IFOOD
2) Euipe
3) Uniodonto
4) Vale Tranporte
5) Unimed Mensalidade
a) 2400
b) 2839
c) 5060
d) 7890
6) Unimed Farmácia
a) 2400
b) 2839
c) 5060
d) 7890

",Concluída,"META PARA 2024
100%"
,,,,,,,,,,,,,
"Objetivo 3: Melhorar a qualidade das entregas | Índice de disponibilidade das soluções de TIC | 99,80%",Objetivo 3 R4_Sensibilização/motivação das equipes,Realizar pesquisa interna de satisfação específica referente a manutenção e limpeza (trimestral),01,DAFI,UGADM_GETS,31/12/2024,Número de pesquisas realizadas,"Durante o período de 21 a 26 de março, foi conduzida uma pesquisa de satisfação em relação aos serviços de limpeza, na qual alcançamos uma taxa de satisfação interna de 97,44%.","Durante o período de 28 ao 02/07, foi conduzida uma pesquisa de satisfação em relação aos serviços de limpeza, na qual alcançamos uma taxa de satisfação interna de 95,59%.","Durante o período de 26/09 a 03/ 10, foi conduzida uma pesquisa de satisfação em relação aos serviços de limpeza, na qual alcançamos uma taxa de satisfação interna de 86,40",Estaremos realizando a próxima pesquisa de satisfação com nossos funcionários em fevereiro.,Concluída,
"Objetivo 3: Melhorar a qualidade das entregas | Índice de disponibilidade das soluções de TIC | 99,80%",Objetivo 2: R3_Aperfeiçoar o modelo de contratação dos serviços da MTI ,Gerir e fiscalizar a execução dos contratos e dos serviços,02,DAFI,UGADM_GETS,31/12/2024,Número de contratos monitorados,"Todos os processos de pagamento , bem como o andamento da execução dos serviços seguem monitorados e montados pelos seus respectivos fiscais.","Todos os processos de pagamento , bem como o andamento da execução dos serviços seguem monitorados e montados pelos seus respectivos fiscais.","Todos os processos de pagamento , bem como o andamento da execução dos serviços seguem monitorados e montados pelos seus respectivos fiscais.","Todos os processos de pagamento , bem como o andamento da execução dos serviços seguem monitorados e montados pelos seus respectivos fiscais.",Concluída,
"Objetivo 3: Melhorar a qualidade das entregas | Índice de disponibilidade das soluções de TIC | 99,80%",N.S.A.,Levantar e consolidar a necessidade de bens de consumo,03,DAFI,UGADM_GEPM,30/04/2024,Atendimento as solcitações via Protheus,O sistema está passando por ajustes(manutenção) para poder atualizar estoque.,O sistema está atualizando estoque normalmente. As solicitações de bens de consumo hoje são feitas via email. Em parceria com a UGSTI as solicitações estão sendo implementadas no Service Now.,Aguardando retorno da UGSTI sobre implementação no Service Now,Aguardando retorno da UGSTI sobre implementação no Service Now,Concluída,
"Objetivo 3: Melhorar a qualidade das entregas | Índice de disponibilidade das soluções de TIC | 99,80%",N.S.A.,Montar processo de pagamento em tempo hábil para não gerar multas nas faturas,04,DAFI,UGADM_GETS,31/12/2024,Número de produtos,"Os processos estão sendo montados no prazo de 10 dias úteis, atendendo o obejtevio e metas.","Os processos estão sendo montados no prazo de 10 dias úteis, atendendo o obejtevio e metas.","Os processos estão sendo montados no prazo de 10 dias úteis, atendendo o obejtevio e metas.","Os processos estão sendo montados no prazo de 10 dias úteis, atendendo o obejtevio e metas.",Concluída,
"Objetivo 4: Incentivar uma transformação cultural motivando as pessoas para colaboração, inovação e foco em resultados | Percentual de pessoas com 100% de seu PDI executado | 70%",Objetivo 1: R1_Implementar  processo de gestão de custos,Melhorar continuamente a gestão patrimonial da empresa.,05,DAFI,UGADM_GEPM,31/12/2024,Número de bens patrimoniados,Recentemente foi feito um levantamento e foi ajustado os bens no sistema Protheus.,Verificação continuada dos bens no sistema Protheus. E efetuado baixa dos bens.,Verificação continuada dos bens no sistema Protheus. E efetuado baixa dos bens.,Verificação continuada dos bens no sistema Protheus. E efetuado baixa dos bens.,Concluída,
"Objetivo 3: Melhorar a qualidade das entregas | Índice de disponibilidade das soluções de TIC | 99,80%",N.S.A.,Acompanhar Check Lista nas instruções processos  da GETS/GEPM,06,DAFI,UGADM,31/12/2024,Check List elaborados,"Atualmente, a UGADM está gerenciando 5 processos em andamento : Coffe Break, Recepcionista, Renovação da Vivo, Aquisição de Extintores e Renovação da Manutenção de Ar Condicionado.","Atualmente, a UGADM está gerenciando 4 processos em andamento:Coffe Break, Recepcionista, Eletrodoméstico, Consumo","Atualmente, a UGADM está gerenciando 02 processos em andamento: Eletrodomestico e Renovação contrato da prime ","Todos os nossos processos que havíamos planejado foram concluídos em 2024. Assim que eu abrir o orçamento, começarei o planejamento para 2025.",Concluída,
"Objetivo 3: Melhorar a qualidade das entregas | Índice de disponibilidade das soluções de TIC | 99,80%",Objetivo 1: R1_Implementar  processo de gestão de custos,Realizar em conjunto com a contabilidade a baixa de bens permanentes,07,DAFI,UGADM_GEPM,31/12/2024,Inventário anual,Ajustes realizados e atualizados via sistema Protheus.,Efetuando baixa dos bens permanentes juntamente com a contabilidade no sistema Protheus.,Aguardando inicio das atividades da comissão de inventário 2024,"Já foi entregue a primeira versão (V1) ao presidente da comissão, o senhor Alcindo. Estamos aguardando alguns ajustes para que seja entregue oficialmente à SEPLAG.",Em execução,
"Objetivo 3: Melhorar a qualidade das entregas | Índice de disponibilidade das soluções de TIC | 99,80%",N.S.A.,Monitorar e providenciar a gestão de combustível e manutenção da frota,08,DAFI,UGADM_GETS,31/12/2024,Realizar a Gestão,"O fiscal do contrato acompanha a gestão de combustível junto a empresa prime que atraves do software , faz a gestão de frotas  monitorando o uso do combustível e o desempenho dos veículos em tempo real.","O fiscal do contrato acompanha a gestão de combustível junto a empresa prime que atraves do software , faz a gestão de frotas  monitorando o uso do combustível e o desempenho dos veículos em tempo real.","O fiscal do contrato acompanha a gestão de combustível junto a empresa prime que atraves do software , faz o gerenciamento e  monitorando o uso do combustível e o desempenho dos veículos em tempo real.","O fiscal do contrato acompanha a gestão de combustível junto a empresa prime que atraves do software , faz o gerenciamento e  monitorando o uso do combustível e o desempenho dos veículos em tempo real.",Concluída,
"Objetivo 3: Melhorar a qualidade das entregas | Índice de disponibilidade das soluções de TIC | 99,80%",Objetivo 3 R4_Sensibilização/motivação das equipes,"Manter serviço de limpeza, apoio administrativo, recepção e copa",09,DAFI,UGADM_GETS,31/12/2024,Realizar a Gestão,Os serviços vem sendo prestado de acordo com o previsto. O feedback dos nossos clientes internos vem garantindo o fornecimento regular e a qualidade dos itens necessários para manter os serviços em funcionamento.,Os serviços vem sendo prestado de acordo com o previsto. O feedback dos nossos clientes internos vem garantindo o fornecimento regular e a qualidade dos itens necessários para manter os serviços em funcionamento.,Os serviços vem sendo prestado de acordo com o previsto. O feedback dos nossos clientes internos vem garantindo o fornecimento regular e a qualidade dos itens necessários para manter os serviços em funcionamento.,Os serviços vem sendo prestado de acordo com o previsto. O feedback dos nossos clientes internos vem garantindo o fornecimento regular e a qualidade dos itens necessários para manter os serviços em funcionamento.,Concluída,
,,,,,,,,,,,,,
"Objetivo 3: Melhorar a qualidade das entregas | Índice de disponibilidade das soluções de TIC | 99,80%",N.S.A.,Melhoria contínua nas conformidades de gestão e conformidade/conferencia da folha de pagamento. ,01,DAFI,UGCOF_GCCP,31/12/2024,Procedimentos Operacionais do Setor,"Utilização de 160,00 horas de analista para o desenvolvimento de ferramenta de conformidade de folha de pagamento. Isso resultará em conferencias mais ageis e confiaveis.",Plena utilização da ferramenta desenvolvida para conformidade da folha de pagamento. Trata-se de uma serie de alertas customizáveis onde o usuario poderá verificar se as rubricas indicadas nas folha de pagamento são devidas.,Plena utilização da ferramenta desenvolvida para conformidade da folha de pagamento. Trata-se de uma serie de alertas customizáveis onde o usuario poderá verificar se as rubricas indicadas nas folha de pagamento são devidas.,,Em execução,
"Objetivo 3: Melhorar a qualidade das entregas | Índice de disponibilidade das soluções de TIC | 99,80%",N.S.A.,"Efetuar um acompanhamento minucioso e semanal da Caixa Postal Fiscal do e-CAC, bem como a emissão envio do Relatorio de Pendencias do CNPJ com intuito de prever ou resolver pendencias fiscais tempestivamente.",02,DAFI,UGCOF_GICF,31/12/2024,Encaminhamento de e-mails contendo as informações desejadas,Monitarado semanalmente pela GICF de modo a termos tempo de resposta hábil em notificações e pendencias. ,Monitarado semanalmente pela GICF de modo a termos tempo de resposta hábil em notificações e pendencias. ,Monitarado semanalmente pela GICF de modo a termos tempo de resposta hábil em notificações e pendencias. ,,Em execução,
"Objetivo 3: Melhorar a qualidade das entregas | Índice de disponibilidade das soluções de TIC | 99,80%",Objetivo 1: R1_Implementar  processo de gestão de custos,Treinamento do pessoal  na ferramenta de gestão de custos,03,DAFI,UGCOF_GCCP,31/12/2024,Horas de treinamento e aquisição de ferramentas,"No primeiro trimestre não houve a disponibilização da ferramenta Service Now para acompanhamento dos custos. Tal fato é de conhecimento da DTIC, conforme reuniões realizadas.","Após tratativas com Diretoria e Presidencia, tendo em vista algumas dificuldades tecnicas e financeiras com o Service Now, será realizado o planejamento de aquisição de uma ferramenta de gestão de custos especializada.","Iniciado o processo de aquisição da Ferramenta de gestão de custos Sollus, desenvolvida pela Gradda Software.  ",,Em execução,
"Objetivo 3: Melhorar a qualidade das entregas | Índice de disponibilidade das soluções de TIC | 99,80%",N.S.A.,"Garantir o sincronismo das informações contábeis com a dos demais sistemas de gestão públicos não integrados ao sistema contábil oficial, garantindo o registro tempestivo e compatibilização dos demonstrativos contábeis.",04,DAFI,UGCOF_GICF,31/12/2024,Registros Contábeis,Durante o primeiro trimestre as compatibilizações de informações foram realizadas.,Durante o segundo trimestre as compatibilizações de informações foram realizadas.,Durante o segundo trimestre as compatibilizações de informações foram realizadas.,,Em execução,
"Objetivo 1: Elevar o nível de satisfação do cliente e de imagem institucional | Índice de satisfação | 8,3",N.S.A.,"Manter a regularidade fiscal da empresa e o acompanhamento do portifólio de serviços afim de todas as informações serem fornecidas tempestivamente, garantindo boa impressão institucional no que concerne as entregas da Unidade.",05,DAFI,UGCOF_GCCP,31/12/2024,Procedimentos Operacionais do Setor,"Regularidade fiscal sendo acompanhada semanalmente, com emissão de certidões em todos os órgãos fiscalizadores.","Regularidade fiscal sendo acompanhada semanalmente, com emissão de certidões em todos os órgãos fiscalizadores.","Regularidade fiscal sendo acompanhada semanalmente, com emissão de certidões em todos os órgãos fiscalizadores.",,Em execução,
Objetivo 2: Elevar a receita de faturamento | Valor do Faturamento (R$ em Milhões) | 80,N.S.A.,"Optar por regimes e procedimentos tributarios que garantam a elisão fiscal, trazendo maior economicidade aliada ao aumento do faturamento.",06,DAFI,UGCOF_GICF,31/12/2024,Adesão a Leis e procedimentos fiscais,Preparação de implantação dos beneficios da Lei do Bem e alterações ocorridas nas subvenções para investimento.,Continuidade da preparação de implantação dos beneficios da Lei do Bem e alterações ocorridas nas subvenções para investimento.,"No que tange a Lei do Bem, duas empresas de consultoria especializada apresentaram propostas. Estas seguirão para analise superior.",,Em execução,
"Objetivo 4: Incentivar uma transformação cultural motivando as pessoas para colaboração, inovação e foco em resultados | Percentual de pessoas com 100% de seu PDI executado | 70%",N.S.A.,"Aprimorar a utilização das ferramentas ja existentes (e-mail, chat, GAT) e integração da equipe para conhecimento das rotinas de cada setor.",07,DAFI,UGCOF,31/12/2024,Atividades de Integração,Todas as ferramentas disponibilizadas se encontram em pleno funcionamento no setor.,Todas as ferramentas disponibilizadas se encontram em pleno funcionamento no setor.,Todas as ferramentas disponibilizadas se encontram em pleno funcionamento no setor.,,Em execução,
,,,,,,,,,,,,,
"Objetivo 3: Melhorar a qualidade das entregas | Índice de disponibilidade das soluções de TIC | 99,80%",N.S.A.,Disparar comunicados para os gestores e fiscais dos contratos para enviar processos de pagamentos no máximo de 5 dias úteis antes de seu vencimento,01,DAFI,UGOFF_GEFI,31/12/2024,Prazo para pagamento dos processos,33%,50%,75%,,Em execução,Está sendo realizado o acompanhamento das despesas continuadas junto aos fiscais dos contratos.
"Objetivo 3: Melhorar a qualidade das entregas | Índice de disponibilidade das soluções de TIC | 99,80%",N.S.A.,Elaborar novo mapaeamento de processos de pagamentos de autoconcumo e emissão de nota única referente a Parcerias.,02,DAFI,UGOFF,31/12/2024,Processos Mapeados,0%,25%,50%%,,Em execução,Não houve evolução nessa atividade.
"Objetivo 4: Incentivar uma transformação cultural motivando as pessoas para colaboração, inovação e foco em resultados | Percentual de pessoas com 100% de seu PDI executado | 70%",N.S.A.,"Promover integração entre as gerências GEOR, GEFI e GFAC para que todos possam ter conhecimento das demandas que são executadas por cada setor.",03,DAFI,UGOFF,31/12/2024,Eventos de Integração,35%,45%,90%,,Em execução,"Em 20/02/2024 deu início à integração entre a Gerência Orçamentária e Fianceira, com previsão de finalização no 1º semestre de 2024, após a finalização da primeira etapa será realizado a partir do 2º semestre a integração com a Gerência de Faturamento."
"Objetivo 3: Melhorar a qualidade das entregas | Índice de disponibilidade das soluções de TIC | 99,80%",N.S.A.,Controlar e acompanhar as solicitações de remanejamento de recursos de créditos adicionais conforme o planejamento das áreas demandantes da MTI elaborado no PTA 2023.,04,DAFI,UGOFF,31/12/2024,Solicitações de Créditos Adicionais,33%,50%,93%%,,Em execução,"Foram realizados 04 (quatro) créditos adicionais, sendo 02 (dois) do tipo 101 (Realocações de Recursos entre programas do mesmo órgão), 01 (um) do tipo 103 (Realocações de Recursos entre categorias do mesmo órgão) e 01 (um) do tipo 100 (Remanejamento entre PAOE da mesma UO)."
Objetivo 2: Elevar a receita de faturamento | Valor do Faturamento (R$ em Milhões) | 80,N.S.A.,Acompanhar os vencimentos dos contratos com os clientes junto a GCTO evitando que seja emitido nota fiscal de serviços prestados sem cobertura contratual.,05,DAFI,UGOFF_GFAC,31/12/2024,Contratos de Clientes,33%,50%,93%%,,Em execução,"Essa atividade trata-se de apenas acompanhamento junto a GCTO, uma vez que a responsabiliade não é da GFAC. Insta informar que a partir de 01/04/2024 a gestão dos contratos de clientes ficará sobre responsabilidade da DIRC/UGVEN. "